Competition_id,Date_id,Match_id,Round,Stage,Coordinates x,Coordinates y,Event,Event-Game,Event-player,Id_played,Team,Time
MDL_mid2024,8/5/2024,mdl_gr1d1_m1,1,Group Stage,55.35%,58.50%,Kill Mid-lane,Kill,Mid-lane,Depezett,EVOS Icon,2:23
MDL_mid2024,8/5/2024,mdl_gr1d1_m1,1,Group Stage,55.72%,57.17%,Death Exp-lane,Death,Exp-lane,Markk,Dewa United Morpheus,2:23
MDL_mid2024,8/5/2024,mdl_gr1d1_m1,1,Group Stage,53.35%,66.50%,Kill Mid-lane,Kill,Mid-lane,Depezett,EVOS Icon,2:28
MDL_mid2024,8/5/2024,mdl_gr1d1_m1,1,Group Stage,55.39%,62.83%,Death Jungler-line,Death,Jungler-line,Manta,Dewa United Morpheus,2:28
MDL_mid2024,8/5/2024,mdl_gr1d1_m1,1,Group Stage,42.35%,32.17%,Death Jungler-line,Death,Jungler-line,Nazara,EVOS Icon,4:03
MDL_mid2024,8/5/2024,mdl_gr1d1_m1,1,Group Stage,42.05%,32.17%,Kill Jungler-line,Kill,Jungler-line,Manta,Dewa United Morpheus,4:03
MDL_mid2024,8/5/2024,mdl_gr1d1_m1,1,Group Stage,42.02%,36.83%,Death Roamer-lane,Death,Roamer-lane,Alevaa,EVOS Icon,4:11
MDL_mid2024,8/5/2024,mdl_gr1d1_m1,1,Group Stage,42.05%,35.17%,Kill Roamer-lane,Kill,Roamer-lane,panpan,Dewa United Morpheus,4:11
MDL_mid2024,8/5/2024,mdl_gr1d1_m1,1,Group Stage,46.69%,52.83%,Death Exp-lane,Death,Exp-lane,Saykots,EVOS Icon,4:23
MDL_mid2024,8/5/2024,mdl_gr1d1_m1,1,Group Stage,46.39%,54.50%,Kill Roamer-lane,Kill,Roamer-lane,panpan,Dewa United Morpheus,4:23
MDL_mid2024,8/5/2024,mdl_gr1d1_m1,1,Group Stage,44.35%,55.83%,Death Mid-lane,Death,Mid-lane,Depezett,EVOS Icon,4:55
MDL_mid2024,8/5/2024,mdl_gr1d1_m1,1,Group Stage,47.05%,54.17%,Kill Jungler-line,Kill,Jungler-line,Manta,Dewa United Morpheus,4:55
MDL_mid2024,8/5/2024,mdl_gr1d1_m1,1,Group Stage,56.35%,71.70%,Death Exp-lane,Death,Exp-lane,Saykots,EVOS Icon,7:15
MDL_mid2024,8/5/2024,mdl_gr1d1_m1,1,Group Stage,57.05%,72.03%,Kill Exp-lane,Kill,Exp-lane,Markk,Dewa United Morpheus,7:15
MDL_mid2024,8/5/2024,mdl_gr1d1_m1,1,Group Stage,6.35%,24.37%,Kill gold-lane,Kill,gold-lane,Inaya,EVOS Icon,7:16
MDL_mid2024,8/5/2024,mdl_gr1d1_m1,1,Group Stage,7.39%,21.37%,Death gold-lane,Death,gold-lane,Maybe,Dewa United Morpheus,7:16
MDL_mid2024,8/5/2024,mdl_gr1d1_m1,1,Group Stage,52.69%,75.70%,Death Roamer-lane,Death,Roamer-lane,Alevaa,EVOS Icon,7:21
MDL_mid2024,8/5/2024,mdl_gr1d1_m1,1,Group Stage,54.39%,70.37%,Kill Exp-lane,Kill,Exp-lane,Markk,Dewa United Morpheus,7:21
MDL_mid2024,8/5/2024,mdl_gr1d1_m1,1,Group Stage,55.69%,87.37%,Kill Mid-lane,Kill,Mid-lane,Depezett,EVOS Icon,7:26
MDL_mid2024,8/5/2024,mdl_gr1d1_m1,1,Group Stage,60.05%,87.70%,Death Roamer-lane,Death,Roamer-lane,panpan,Dewa United Morpheus,7:26
MDL_mid2024,8/5/2024,mdl_gr1d1_m1,1,Group Stage,36.35%,25.37%,Kill Exp-lane,Kill,Exp-lane,Saykots,EVOS Icon,8:22
MDL_mid2024,8/5/2024,mdl_gr1d1_m1,1,Group Stage,36.05%,24.37%,Death Mid-lane,Death,Mid-lane,Dahlan,Dewa United Morpheus,8:22
MDL_mid2024,8/5/2024,mdl_gr1d1_m1,1,Group Stage,37.69%,25.70%,Kill Jungler-line,Kill,Jungler-line,Nazara,EVOS Icon,8:24
MDL_mid2024,8/5/2024,mdl_gr1d1_m1,1,Group Stage,37.39%,24.37%,Death Roamer-lane,Death,Roamer-lane,panpan,Dewa United Morpheus,8:24
MDL_mid2024,8/5/2024,mdl_gr1d1_m1,1,Group Stage,34.35%,32.03%,Kill Exp-lane,Kill,Exp-lane,Saykots,EVOS Icon,10:44
MDL_mid2024,8/5/2024,mdl_gr1d1_m1,1,Group Stage,33.72%,32.03%,Death Jungler-line,Death,Jungler-line,Manta,Dewa United Morpheus,10:44
MDL_mid2024,8/5/2024,mdl_gr1d1_m1,1,Group Stage,28.69%,39.70%,Death gold-lane,Death,gold-lane,Inaya,EVOS Icon,10:47
MDL_mid2024,8/5/2024,mdl_gr1d1_m1,1,Group Stage,28.39%,40.03%,Kill gold-lane,Kill,gold-lane,Maybe,Dewa United Morpheus,10:47
MDL_mid2024,8/5/2024,mdl_gr1d1_m1,1,Group Stage,40.69%,27.37%,Kill Exp-lane,Kill,Exp-lane,Saykots,EVOS Icon,10:48
MDL_mid2024,8/5/2024,mdl_gr1d1_m1,1,Group Stage,42.05%,25.70%,Death Roamer-lane,Death,Roamer-lane,panpan,Dewa United Morpheus,10:48
MDL_mid2024,8/5/2024,mdl_gr1d1_m1,1,Group Stage,43.69%,32.37%,Kill Exp-lane,Kill,Exp-lane,Saykots,EVOS Icon,10:52
MDL_mid2024,8/5/2024,mdl_gr1d1_m1,1,Group Stage,44.35%,33.03%,Death Exp-lane,Death,Exp-lane,Saykots,EVOS Icon,10:52
MDL_mid2024,8/5/2024,mdl_gr1d1_m1,1,Group Stage,44.39%,33.70%,Death Exp-lane,Death,Exp-lane,Markk,Dewa United Morpheus,10:52
MDL_mid2024,8/5/2024,mdl_gr1d1_m1,1,Group Stage,45.39%,34.03%,Kill Mid-lane,Kill,Mid-lane,Dahlan,Dewa United Morpheus,10:52
MDL_mid2024,8/5/2024,mdl_gr1d1_m1,1,Group Stage,88.02%,52.03%,Death Roamer-lane,Death,Roamer-lane,Alevaa,EVOS Icon,13:01
MDL_mid2024,8/5/2024,mdl_gr1d1_m1,1,Group Stage,87.72%,51.03%,Kill Exp-lane,Kill,Exp-lane,Markk,Dewa United Morpheus,13:01
MDL_mid2024,8/5/2024,mdl_gr1d1_m1,1,Group Stage,95.35%,51.37%,Kill gold-lane,Kill,gold-lane,Inaya,EVOS Icon,13:06
MDL_mid2024,8/5/2024,mdl_gr1d1_m1,1,Group Stage,96.05%,51.70%,Death Exp-lane,Death,Exp-lane,Markk,Dewa United Morpheus,13:06
MDL_mid2024,8/5/2024,mdl_gr1d1_m1,1,Group Stage,93.69%,55.03%,Kill Jungler-line,Kill,Jungler-line,Nazara,EVOS Icon,13:08
MDL_mid2024,8/5/2024,mdl_gr1d1_m1,1,Group Stage,93.39%,56.03%,Death gold-lane,Death,gold-lane,Maybe,Dewa United Morpheus,13:08
MDL_mid2024,8/5/2024,mdl_gr1d1_m1,1,Group Stage,94.69%,52.37%,Kill gold-lane,Kill,gold-lane,Inaya,EVOS Icon,13:09
MDL_mid2024,8/5/2024,mdl_gr1d1_m1,1,Group Stage,94.39%,50.37%,Death Roamer-lane,Death,Roamer-lane,panpan,Dewa United Morpheus,13:09
MDL_mid2024,8/5/2024,mdl_gr1d1_m1,1,Group Stage,95.35%,54.03%,Kill Mid-lane,Kill,Mid-lane,Depezett,EVOS Icon,13:11
MDL_mid2024,8/5/2024,mdl_gr1d1_m1,1,Group Stage,95.72%,55.03%,Death Mid-lane,Death,Mid-lane,Dahlan,Dewa United Morpheus,13:11
MDL_mid2024,8/5/2024,mdl_gr1d1_m1,1,Group Stage,88.02%,41.37%,Kill Jungler-line,Kill,Jungler-line,Nazara,EVOS Icon,13:18
MDL_mid2024,8/5/2024,mdl_gr1d1_m1,1,Group Stage,88.05%,42.03%,Death Jungler-line,Death,Jungler-line,Manta,Dewa United Morpheus,13:18
MDL_mid2024,8/5/2024,mdl_gr1d1_m1,2,Group Stage,60.69%,56.30%,Death Roamer-lane,Death,Roamer-lane,panpan,Dewa United Morpheus,35:15:00
MDL_mid2024,8/5/2024,mdl_gr1d1_m1,2,Group Stage,61.39%,56.30%,Kill Exp-lane,Kill,Exp-lane,Saykots,EVOS Icon,35:15:00
MDL_mid2024,8/5/2024,mdl_gr1d1_m1,2,Group Stage,60.02%,55.63%,Death Mid-lane,Death,Mid-lane,Dahlan,Dewa United Morpheus,35:18:00
MDL_mid2024,8/5/2024,mdl_gr1d1_m1,2,Group Stage,59.39%,55.97%,Kill Exp-lane,Kill,Exp-lane,Saykots,EVOS Icon,35:18:00
MDL_mid2024,8/5/2024,mdl_gr1d1_m1,2,Group Stage,52.02%,68.30%,Death Jungler-line,Death,Jungler-line,Manta,Dewa United Morpheus,35:27:00
MDL_mid2024,8/5/2024,mdl_gr1d1_m1,2,Group Stage,51.72%,67.90%,Kill Exp-lane,Kill,Exp-lane,Saykots,EVOS Icon,35:27:00
MDL_mid2024,8/5/2024,mdl_gr1d1_m1,2,Group Stage,68.69%,66.10%,Death Jungler-line,Death,Jungler-line,Manta,Dewa United Morpheus,37:21:00
MDL_mid2024,8/5/2024,mdl_gr1d1_m1,2,Group Stage,66.72%,66.57%,Kill Jungler-line,Kill,Jungler-line,Nazara,EVOS Icon,37:21:00
MDL_mid2024,8/5/2024,mdl_gr1d1_m1,2,Group Stage,69.35%,86.57%,Death Exp-lane,Death,Exp-lane,Markk,Dewa United Morpheus,37:30:00
MDL_mid2024,8/5/2024,mdl_gr1d1_m1,2,Group Stage,67.39%,88.57%,Kill Mid-lane,Kill,Mid-lane,Depezett,EVOS Icon,37:30:00
MDL_mid2024,8/5/2024,mdl_gr1d1_m1,2,Group Stage,35.35%,68.90%,Death Jungler-line,Death,Jungler-line,Manta,Dewa United Morpheus,38:03:00
MDL_mid2024,8/5/2024,mdl_gr1d1_m1,2,Group Stage,36.39%,67.57%,Kill Mid-lane,Kill,Mid-lane,Depezett,EVOS Icon,38:03:00
MDL_mid2024,8/5/2024,mdl_gr1d1_m1,2,Group Stage,20.02%,33.57%,Kill Jungler-line,Kill,Jungler-line,Manta,Dewa United Morpheus,38:48:00
MDL_mid2024,8/5/2024,mdl_gr1d1_m1,2,Group Stage,19.72%,33.57%,Death Exp-lane,Death,Exp-lane,Saykots,EVOS Icon,38:48:00
MDL_mid2024,8/5/2024,mdl_gr1d1_m1,2,Group Stage,22.02%,31.90%,Kill Exp-lane,Kill,Exp-lane,Markk,Dewa United Morpheus,38:49:00
MDL_mid2024,8/5/2024,mdl_gr1d1_m1,2,Group Stage,22.39%,31.57%,Death Jungler-line,Death,Jungler-line,Nazara,EVOS Icon,38:49:00
MDL_mid2024,8/5/2024,mdl_gr1d1_m1,2,Group Stage,21.35%,36.90%,Kill Jungler-line,Kill,Jungler-line,Manta,Dewa United Morpheus,38:54:00
MDL_mid2024,8/5/2024,mdl_gr1d1_m1,2,Group Stage,21.39%,35.90%,Death Roamer-lane,Death,Roamer-lane,Alevaa,EVOS Icon,38:54:00
MDL_mid2024,8/5/2024,mdl_gr1d1_m1,2,Group Stage,67.69%,65.23%,Kill Exp-lane,Kill,Exp-lane,Markk,Dewa United Morpheus,39:40:00
MDL_mid2024,8/5/2024,mdl_gr1d1_m1,2,Group Stage,66.72%,63.57%,Death Jungler-line,Death,Jungler-line,Nazara,EVOS Icon,39:40:00
MDL_mid2024,8/5/2024,mdl_gr1d1_m1,2,Group Stage,56.02%,62.90%,Death gold-lane,Death,gold-lane,Maybe,Dewa United Morpheus,39:42:00
MDL_mid2024,8/5/2024,mdl_gr1d1_m1,2,Group Stage,57.05%,63.23%,Kill Exp-lane,Kill,Exp-lane,Saykots,EVOS Icon,39:42:00
MDL_mid2024,8/5/2024,mdl_gr1d1_m1,2,Group Stage,60.69%,64.57%,Death Mid-lane,Death,Mid-lane,Dahlan,Dewa United Morpheus,39:46:00
MDL_mid2024,8/5/2024,mdl_gr1d1_m1,2,Group Stage,60.39%,64.90%,Kill Mid-lane,Kill,Mid-lane,Depezett,EVOS Icon,39:46:00
MDL_mid2024,8/5/2024,mdl_gr1d1_m1,2,Group Stage,64.69%,58.57%,Kill Jungler-line,Kill,Jungler-line,Manta,Dewa United Morpheus,39:48:00
MDL_mid2024,8/5/2024,mdl_gr1d1_m1,2,Group Stage,66.39%,57.90%,Death Roamer-lane,Death,Roamer-lane,Alevaa,EVOS Icon,39:48:00
MDL_mid2024,8/5/2024,mdl_gr1d1_m1,2,Group Stage,75.69%,65.23%,Kill Exp-lane,Kill,Exp-lane,Markk,Dewa United Morpheus,42:55:00
MDL_mid2024,8/5/2024,mdl_gr1d1_m1,2,Group Stage,76.39%,64.90%,Death Jungler-line,Death,Jungler-line,Nazara,EVOS Icon,42:55:00
MDL_mid2024,8/5/2024,mdl_gr1d1_m1,2,Group Stage,44.69%,23.57%,Death Exp-lane,Death,Exp-lane,Markk,Dewa United Morpheus,43:44:00
MDL_mid2024,8/5/2024,mdl_gr1d1_m1,2,Group Stage,43.39%,24.90%,Kill Mid-lane,Kill,Mid-lane,Depezett,EVOS Icon,43:44:00
MDL_mid2024,8/5/2024,mdl_gr1d1_m1,2,Group Stage,40.69%,28.57%,Death Mid-lane,Death,Mid-lane,Dahlan,Dewa United Morpheus,43:49:00
MDL_mid2024,8/5/2024,mdl_gr1d1_m1,2,Group Stage,39.05%,30.57%,Kill gold-lane,Kill,gold-lane,Inaya,EVOS Icon,43:49:00
MDL_mid2024,8/5/2024,mdl_gr1d1_m1,2,Group Stage,35.69%,36.90%,Death Roamer-lane,Death,Roamer-lane,panpan,Dewa United Morpheus,45:02:00
MDL_mid2024,8/5/2024,mdl_gr1d1_m1,2,Group Stage,36.72%,36.90%,Kill gold-lane,Kill,gold-lane,Inaya,EVOS Icon,45:02:00
MDL_mid2024,8/5/2024,mdl_gr1d1_m1,2,Group Stage,41.35%,31.90%,Kill Mid-lane,Kill,Mid-lane,Dahlan,Dewa United Morpheus,45:03:00
MDL_mid2024,8/5/2024,mdl_gr1d1_m1,2,Group Stage,39.39%,33.23%,Death Roamer-lane,Death,Roamer-lane,Alevaa,EVOS Icon,45:03:00
MDL_mid2024,8/5/2024,mdl_gr1d1_m1,2,Group Stage,37.69%,33.57%,Death Mid-lane,Death,Mid-lane,Dahlan,Dewa United Morpheus,45:04:00
MDL_mid2024,8/5/2024,mdl_gr1d1_m1,2,Group Stage,36.72%,33.90%,Kill Mid-lane,Kill,Mid-lane,Depezett,EVOS Icon,45:04:00
MDL_mid2024,8/5/2024,mdl_gr1d1_m1,2,Group Stage,33.69%,35.90%,Kill Jungler-line,Kill,Jungler-line,Manta,Dewa United Morpheus,45:06:00
MDL_mid2024,8/5/2024,mdl_gr1d1_m1,2,Group Stage,32.72%,35.57%,Death Exp-lane,Death,Exp-lane,Saykots,EVOS Icon,45:06:00
MDL_mid2024,8/5/2024,mdl_gr1d1_m1,2,Group Stage,40.69%,33.23%,Death Exp-lane,Death,Exp-lane,Markk,Dewa United Morpheus,45:07:00
MDL_mid2024,8/5/2024,mdl_gr1d1_m1,2,Group Stage,40.72%,33.57%,Kill gold-lane,Kill,gold-lane,Inaya,EVOS Icon,45:07:00
MDL_mid2024,8/5/2024,mdl_gr1d1_m1,2,Group Stage,40.02%,31.23%,Death Jungler-line,Death,Jungler-line,Manta,Dewa United Morpheus,45:09:00
MDL_mid2024,8/5/2024,mdl_gr1d1_m1,2,Group Stage,39.39%,34.57%,Kill gold-lane,Kill,gold-lane,Inaya,EVOS Icon,45:09:00
MDL_mid2024,8/5/2024,mdl_gr1d1_m1,2,Group Stage,41.69%,28.57%,Kill gold-lane,Kill,gold-lane,Maybe,Dewa United Morpheus,45:14:00
MDL_mid2024,8/5/2024,mdl_gr1d1_m1,2,Group Stage,45.02%,23.23%,Death gold-lane,Death,gold-lane,Maybe,Dewa United Morpheus,45:14:00
MDL_mid2024,8/5/2024,mdl_gr1d1_m1,2,Group Stage,39.72%,30.90%,Death Jungler-line,Death,Jungler-line,Nazara,EVOS Icon,45:14:00
MDL_mid2024,8/5/2024,mdl_gr1d1_m1,2,Group Stage,43.72%,20.90%,Kill gold-lane,Kill,gold-lane,Inaya,EVOS Icon,45:14:00
MDL_mid2024,8/5/2024,mdl_gr1d1_m1,2,Group Stage,69.35%,64.57%,Death Exp-lane,Death,Exp-lane,Markk,Dewa United Morpheus,47:14:00
MDL_mid2024,8/5/2024,mdl_gr1d1_m1,2,Group Stage,69.39%,63.90%,Kill Exp-lane,Kill,Exp-lane,Saykots,EVOS Icon,47:14:00
MDL_mid2024,8/5/2024,mdl_gr1d1_m1,2,Group Stage,63.69%,68.90%,Death Jungler-line,Death,Jungler-line,Manta,Dewa United Morpheus,47:17:00
MDL_mid2024,8/5/2024,mdl_gr1d1_m1,2,Group Stage,63.05%,66.90%,Kill Mid-lane,Kill,Mid-lane,Depezett,EVOS Icon,47:17:00
MDL_mid2024,8/5/2024,mdl_gr1d1_m1,2,Group Stage,61.02%,70.90%,Death gold-lane,Death,gold-lane,Maybe,Dewa United Morpheus,47:19:00
MDL_mid2024,8/5/2024,mdl_gr1d1_m1,2,Group Stage,63.39%,69.90%,Kill gold-lane,Kill,gold-lane,Inaya,EVOS Icon,47:19:00
MDL_mid2024,8/5/2024,mdl_gr1d1_m1,2,Group Stage,61.35%,67.90%,Death Roamer-lane,Death,Roamer-lane,panpan,Dewa United Morpheus,47:21:00
MDL_mid2024,8/5/2024,mdl_gr1d1_m1,2,Group Stage,62.72%,66.90%,Kill gold-lane,Kill,gold-lane,Inaya,EVOS Icon,47:21:00
MDL_mid2024,8/5/2024,mdl_gr1d1_m1,2,Group Stage,49.02%,88.57%,Death Mid-lane,Death,Mid-lane,Dahlan,Dewa United Morpheus,47:28:00
MDL_mid2024,8/5/2024,mdl_gr1d1_m1,2,Group Stage,47.72%,87.57%,Kill Exp-lane,Kill,Exp-lane,Saykots,EVOS Icon,47:28:00
MDL_mid2024,8/5/2024,mdl_gr1d1_m2,1,Group Stage,93.69%,73.63%,Kill gold-lane,Kill,gold-lane,Zeltron,Geek Fam ID Jr,3:35
MDL_mid2024,8/5/2024,mdl_gr1d1_m2,1,Group Stage,93.05%,73.70%,Death gold-lane,Death,gold-lane,Restless,Raja Phoenix,3:35
MDL_mid2024,8/5/2024,mdl_gr1d1_m2,1,Group Stage,94.69%,73.50%,Kill Roamer-lane,Kill,Roamer-lane,Mupinqt,Geek Fam ID Jr,3:38
MDL_mid2024,8/5/2024,mdl_gr1d1_m2,1,Group Stage,93.72%,73.63%,Death Roamer-lane,Death,Roamer-lane,Vittong,Raja Phoenix,3:38
MDL_mid2024,8/5/2024,mdl_gr1d1_m2,1,Group Stage,34.02%,12.03%,Kill Roamer-lane,Kill,Roamer-lane,Mupinqt,Geek Fam ID Jr,4:44
MDL_mid2024,8/5/2024,mdl_gr1d1_m2,1,Group Stage,33.05%,12.70%,Death gold-lane,Death,gold-lane,Restless,Raja Phoenix,4:44
MDL_mid2024,8/5/2024,mdl_gr1d1_m2,1,Group Stage,26.69%,7.70%,Kill Mid-lane,Kill,Mid-lane,ALAM,Geek Fam ID Jr,5:07
MDL_mid2024,8/5/2024,mdl_gr1d1_m2,1,Group Stage,25.39%,6.70%,Death Jungler-line,Death,Jungler-line,Exortt,Raja Phoenix,5:07
MDL_mid2024,8/5/2024,mdl_gr1d1_m2,1,Group Stage,63.69%,36.03%,Death Exp-lane,Death,Exp-lane,Guinskie,Geek Fam ID Jr,5:39
MDL_mid2024,8/5/2024,mdl_gr1d1_m2,1,Group Stage,64.39%,38.10%,Kill Mid-lane,Kill,Mid-lane,Dhit,Raja Phoenix,5:39
MDL_mid2024,8/5/2024,mdl_gr1d1_m2,1,Group Stage,42.69%,35.70%,Kill gold-lane,Kill,gold-lane,Zeltron,Geek Fam ID Jr,6:36
MDL_mid2024,8/5/2024,mdl_gr1d1_m2,1,Group Stage,42.39%,34.70%,Death gold-lane,Death,gold-lane,Restless,Raja Phoenix,6:36
MDL_mid2024,8/5/2024,mdl_gr1d1_m2,1,Group Stage,60.69%,16.70%,Kill gold-lane,Kill,gold-lane,Zeltron,Geek Fam ID Jr,6:43
MDL_mid2024,8/5/2024,mdl_gr1d1_m2,1,Group Stage,57.72%,15.70%,Death Jungler-line,Death,Jungler-line,Exortt,Raja Phoenix,6:43
MDL_mid2024,8/5/2024,mdl_gr1d1_m2,1,Group Stage,61.02%,16.03%,Kill gold-lane,Kill,gold-lane,Zeltron,Geek Fam ID Jr,6:48
MDL_mid2024,8/5/2024,mdl_gr1d1_m2,1,Group Stage,61.05%,14.77%,Death Exp-lane,Death,Exp-lane,JuparrTzy,Raja Phoenix,6:48
MDL_mid2024,8/5/2024,mdl_gr1d1_m2,1,Group Stage,90.02%,29.97%,Kill Jungler-line,Kill,Jungler-line,Ozi N1,Geek Fam ID Jr,10:00
MDL_mid2024,8/5/2024,mdl_gr1d1_m2,1,Group Stage,90.39%,28.77%,Death Exp-lane,Death,Exp-lane,JuparrTzy,Raja Phoenix,10:00
MDL_mid2024,8/5/2024,mdl_gr1d1_m2,1,Group Stage,94.69%,27.90%,Death Exp-lane,Death,Exp-lane,Guinskie,Geek Fam ID Jr,10:03
MDL_mid2024,8/5/2024,mdl_gr1d1_m2,1,Group Stage,89.05%,24.03%,Kill Mid-lane,Kill,Mid-lane,Dhit,Raja Phoenix,10:03
MDL_mid2024,8/5/2024,mdl_gr1d1_m2,1,Group Stage,96.02%,23.70%,Kill gold-lane,Kill,gold-lane,Zeltron,Geek Fam ID Jr,10:05
MDL_mid2024,8/5/2024,mdl_gr1d1_m2,1,Group Stage,94.39%,24.70%,Death Jungler-line,Death,Jungler-line,Exortt,Raja Phoenix,10:05
MDL_mid2024,8/5/2024,mdl_gr1d1_m2,1,Group Stage,95.69%,14.70%,Kill gold-lane,Kill,gold-lane,Zeltron,Geek Fam ID Jr,10:07
MDL_mid2024,8/5/2024,mdl_gr1d1_m2,1,Group Stage,96.72%,16.37%,Death gold-lane,Death,gold-lane,Restless,Raja Phoenix,10:07
MDL_mid2024,8/5/2024,mdl_gr1d1_m2,1,Group Stage,92.69%,5.37%,Kill gold-lane,Kill,gold-lane,Zeltron,Geek Fam ID Jr,10:15
MDL_mid2024,8/5/2024,mdl_gr1d1_m2,1,Group Stage,92.39%,8.97%,Death Roamer-lane,Death,Roamer-lane,Vittong,Raja Phoenix,10:15
MDL_mid2024,8/5/2024,mdl_gr1d1_m2,2,Group Stage,93.69%,73.70%,Kill Jungler-line,Kill,Jungler-line,Exortt,Raja Phoenix,1:24
MDL_mid2024,8/5/2024,mdl_gr1d1_m2,2,Group Stage,93.72%,71.37%,Death Exp-lane,Death,Exp-lane,Guinskie,Geek Fam ID Jr,1:24
MDL_mid2024,8/5/2024,mdl_gr1d1_m2,2,Group Stage,94.69%,70.37%,Death Jungler-line,Death,Jungler-line,Exortt,Raja Phoenix,1:26
MDL_mid2024,8/5/2024,mdl_gr1d1_m2,2,Group Stage,93.39%,71.63%,Kill Roamer-lane,Kill,Roamer-lane,Mupinqt,Geek Fam ID Jr,1:26
MDL_mid2024,8/5/2024,mdl_gr1d1_m2,2,Group Stage,61.35%,63.10%,Kill Mid-lane,Kill,Mid-lane,Dhit,Raja Phoenix,2:09
MDL_mid2024,8/5/2024,mdl_gr1d1_m2,2,Group Stage,61.72%,57.63%,Death Exp-lane,Death,Exp-lane,Guinskie,Geek Fam ID Jr,2:09
MDL_mid2024,8/5/2024,mdl_gr1d1_m2,2,Group Stage,61.69%,55.70%,Death Exp-lane,Death,Exp-lane,JuparrTzy,Raja Phoenix,2:11
MDL_mid2024,8/5/2024,mdl_gr1d1_m2,2,Group Stage,64.39%,53.97%,Kill Mid-lane,Kill,Mid-lane,ALAM,Geek Fam ID Jr,2:11
MDL_mid2024,8/5/2024,mdl_gr1d1_m2,2,Group Stage,67.35%,71.23%,Kill Jungler-line,Kill,Jungler-line,Exortt,Raja Phoenix,3:40
MDL_mid2024,8/5/2024,mdl_gr1d1_m2,2,Group Stage,68.72%,70.70%,Death Jungler-line,Death,Jungler-line,Ozi N1,Geek Fam ID Jr,3:40
MDL_mid2024,8/5/2024,mdl_gr1d1_m2,2,Group Stage,84.02%,74.90%,Kill Mid-lane,Kill,Mid-lane,Dhit,Raja Phoenix,3:48
MDL_mid2024,8/5/2024,mdl_gr1d1_m2,2,Group Stage,85.39%,74.77%,Death Exp-lane,Death,Exp-lane,Guinskie,Geek Fam ID Jr,3:48
MDL_mid2024,8/5/2024,mdl_gr1d1_m2,2,Group Stage,79.02%,61.30%,Kill Exp-lane,Kill,Exp-lane,JuparrTzy,Raja Phoenix,4:09
MDL_mid2024,8/5/2024,mdl_gr1d1_m2,2,Group Stage,79.39%,61.10%,Death Roamer-lane,Death,Roamer-lane,Mupinqt,Geek Fam ID Jr,4:09
MDL_mid2024,8/5/2024,mdl_gr1d1_m2,2,Group Stage,22.02%,12.03%,Kill Mid-lane,Kill,Mid-lane,Dhit,Raja Phoenix,5:37
MDL_mid2024,8/5/2024,mdl_gr1d1_m2,2,Group Stage,23.39%,10.77%,Death Roamer-lane,Death,Roamer-lane,Mupinqt,Geek Fam ID Jr,5:37
MDL_mid2024,8/5/2024,mdl_gr1d1_m2,2,Group Stage,67.02%,56.37%,Kill gold-lane,Kill,gold-lane,Restless,Raja Phoenix,6:54
MDL_mid2024,8/5/2024,mdl_gr1d1_m2,2,Group Stage,65.72%,56.37%,Death Exp-lane,Death,Exp-lane,Guinskie,Geek Fam ID Jr,6:54
MDL_mid2024,8/5/2024,mdl_gr1d1_m2,2,Group Stage,65.35%,55.70%,Kill gold-lane,Kill,gold-lane,Restless,Raja Phoenix,6:56
MDL_mid2024,8/5/2024,mdl_gr1d1_m2,2,Group Stage,63.05%,56.03%,Death Roamer-lane,Death,Roamer-lane,Mupinqt,Geek Fam ID Jr,6:56
MDL_mid2024,8/5/2024,mdl_gr1d1_m2,2,Group Stage,41.02%,95.90%,Kill gold-lane,Kill,gold-lane,Restless,Raja Phoenix,9:51
MDL_mid2024,8/5/2024,mdl_gr1d1_m2,2,Group Stage,41.39%,92.57%,Death gold-lane,Death,gold-lane,Zeltron,Geek Fam ID Jr,9:51
MDL_mid2024,8/5/2024,mdl_gr1d1_m2,2,Group Stage,51.69%,30.70%,Kill Jungler-line,Kill,Jungler-line,Exortt,Raja Phoenix,10:02
MDL_mid2024,8/5/2024,mdl_gr1d1_m2,2,Group Stage,53.39%,29.63%,Death Roamer-lane,Death,Roamer-lane,Mupinqt,Geek Fam ID Jr,10:02
MDL_mid2024,8/5/2024,mdl_gr1d1_m2,2,Group Stage,49.35%,29.70%,Kill Mid-lane,Kill,Mid-lane,Dhit,Raja Phoenix,10:03
MDL_mid2024,8/5/2024,mdl_gr1d1_m2,2,Group Stage,51.39%,28.10%,Death Exp-lane,Death,Exp-lane,Guinskie,Geek Fam ID Jr,10:03
MDL_mid2024,8/5/2024,mdl_gr1d1_m2,2,Group Stage,71.69%,54.03%,Kill Mid-lane,Kill,Mid-lane,Dhit,Raja Phoenix,14:10
MDL_mid2024,8/5/2024,mdl_gr1d1_m2,2,Group Stage,70.39%,52.90%,Death Exp-lane,Death,Exp-lane,Guinskie,Geek Fam ID Jr,14:10
MDL_mid2024,8/5/2024,mdl_gr1d1_m2,2,Group Stage,73.02%,54.70%,Death Jungler-line,Death,Jungler-line,Exortt,Raja Phoenix,14:12
MDL_mid2024,8/5/2024,mdl_gr1d1_m2,2,Group Stage,71.39%,53.97%,Kill Jungler-line,Kill,Jungler-line,Ozi N1,Geek Fam ID Jr,14:12
MDL_mid2024,8/5/2024,mdl_gr1d1_m2,2,Group Stage,72.02%,53.70%,Kill gold-lane,Kill,gold-lane,Restless,Raja Phoenix,14:14
MDL_mid2024,8/5/2024,mdl_gr1d1_m2,2,Group Stage,74.72%,54.43%,Death Jungler-line,Death,Jungler-line,Ozi N1,Geek Fam ID Jr,14:14
MDL_mid2024,8/5/2024,mdl_gr1d1_m2,2,Group Stage,71.02%,54.03%,Kill gold-lane,Kill,gold-lane,Restless,Raja Phoenix,14:15
MDL_mid2024,8/5/2024,mdl_gr1d1_m2,2,Group Stage,72.72%,53.10%,Death Roamer-lane,Death,Roamer-lane,Mupinqt,Geek Fam ID Jr,14:15
MDL_mid2024,8/5/2024,mdl_gr1d1_m2,2,Group Stage,74.69%,8.03%,Death Exp-lane,Death,Exp-lane,JuparrTzy,Raja Phoenix,16:00
MDL_mid2024,8/5/2024,mdl_gr1d1_m2,2,Group Stage,75.39%,5.90%,Kill Mid-lane,Kill,Mid-lane,ALAM,Geek Fam ID Jr,16:00
MDL_mid2024,8/5/2024,mdl_gr1d1_m2,2,Group Stage,81.35%,4.03%,Kill Jungler-line,Kill,Jungler-line,Exortt,Raja Phoenix,16:01
MDL_mid2024,8/5/2024,mdl_gr1d1_m2,2,Group Stage,80.39%,3.23%,Death gold-lane,Death,gold-lane,Zeltron,Geek Fam ID Jr,16:01
MDL_mid2024,8/5/2024,mdl_gr1d1_m2,2,Group Stage,39.69%,27.70%,Kill gold-lane,Kill,gold-lane,Restless,Raja Phoenix,17:46
MDL_mid2024,8/5/2024,mdl_gr1d1_m2,2,Group Stage,39.05%,28.77%,Death Exp-lane,Death,Exp-lane,Guinskie,Geek Fam ID Jr,17:46
MDL_mid2024,8/5/2024,mdl_gr1d1_m2,2,Group Stage,41.69%,28.70%,Kill gold-lane,Kill,gold-lane,Restless,Raja Phoenix,17:50
MDL_mid2024,8/5/2024,mdl_gr1d1_m2,2,Group Stage,40.72%,26.37%,Death Mid-lane,Death,Mid-lane,ALAM,Geek Fam ID Jr,17:50
MDL_mid2024,8/5/2024,mdl_gr1d1_m2,2,Group Stage,27.69%,24.37%,Kill Exp-lane,Kill,Exp-lane,JuparrTzy,Raja Phoenix,17:55
MDL_mid2024,8/5/2024,mdl_gr1d1_m2,2,Group Stage,27.72%,23.70%,Death Roamer-lane,Death,Roamer-lane,Mupinqt,Geek Fam ID Jr,17:55
MDL_mid2024,8/5/2024,mdl_gr1d1_m2,2,Group Stage,62.02%,16.37%,Kill gold-lane,Kill,gold-lane,Restless,Raja Phoenix,18:00
MDL_mid2024,8/5/2024,mdl_gr1d1_m2,2,Group Stage,61.72%,14.30%,Death Jungler-line,Death,Jungler-line,Ozi N1,Geek Fam ID Jr,18:00
MDL_mid2024,8/5/2024,mdl_gr1d1_m2,2,Group Stage,78.02%,7.37%,Kill Jungler-line,Kill,Jungler-line,Exortt,Raja Phoenix,18:17
MDL_mid2024,8/5/2024,mdl_gr1d1_m2,2,Group Stage,78.72%,4.03%,Death gold-lane,Death,gold-lane,Zeltron,Geek Fam ID Jr,18:17
MDL_mid2024,8/5/2024,mdl_gr1d1_m2,3,Group Stage,9.35%,40.90%,Death Jungler-line,Death,Jungler-line,Ozi N1,Geek Fam ID Jr,1:25
MDL_mid2024,8/5/2024,mdl_gr1d1_m2,3,Group Stage,9.72%,41.90%,Kill Jungler-line,Kill,Jungler-line,Exortt,Raja Phoenix,1:25
MDL_mid2024,8/5/2024,mdl_gr1d1_m2,3,Group Stage,9.35%,26.90%,Death gold-lane,Death,gold-lane,Zeltron,Geek Fam ID Jr,2:13
MDL_mid2024,8/5/2024,mdl_gr1d1_m2,3,Group Stage,10.39%,27.57%,Kill gold-lane,Kill,gold-lane,Restless,Raja Phoenix,2:13
MDL_mid2024,8/5/2024,mdl_gr1d1_m2,3,Group Stage,71.02%,93.90%,Death Exp-lane,Death,Exp-lane,Guinskie,Geek Fam ID Jr,2:41
MDL_mid2024,8/5/2024,mdl_gr1d1_m2,3,Group Stage,69.72%,94.57%,Kill Jungler-line,Kill,Jungler-line,Exortt,Raja Phoenix,2:41
MDL_mid2024,8/5/2024,mdl_gr1d1_m2,3,Group Stage,70.02%,56.57%,Death Jungler-line,Death,Jungler-line,Ozi N1,Geek Fam ID Jr,4:04
MDL_mid2024,8/5/2024,mdl_gr1d1_m2,3,Group Stage,69.39%,55.57%,Kill Mid-lane,Kill,Mid-lane,Dhit,Raja Phoenix,4:04
MDL_mid2024,8/5/2024,mdl_gr1d1_m2,3,Group Stage,65.35%,66.90%,Death Exp-lane,Death,Exp-lane,Guinskie,Geek Fam ID Jr,4:11
MDL_mid2024,8/5/2024,mdl_gr1d1_m2,3,Group Stage,64.72%,67.23%,Kill Mid-lane,Kill,Mid-lane,Dhit,Raja Phoenix,4:11
MDL_mid2024,8/5/2024,mdl_gr1d1_m2,3,Group Stage,27.35%,42.30%,Death Mid-lane,Death,Mid-lane,ALAM,Geek Fam ID Jr,5:09
MDL_mid2024,8/5/2024,mdl_gr1d1_m2,3,Group Stage,27.39%,42.70%,Kill Mid-lane,Kill,Mid-lane,Dhit,Raja Phoenix,5:09
MDL_mid2024,8/5/2024,mdl_gr1d1_m2,3,Group Stage,31.02%,55.70%,Death Jungler-line,Death,Jungler-line,Ozi N1,Geek Fam ID Jr,5:22
MDL_mid2024,8/5/2024,mdl_gr1d1_m2,3,Group Stage,30.72%,55.70%,Kill Jungler-line,Kill,Jungler-line,Exortt,Raja Phoenix,5:22
MDL_mid2024,8/5/2024,mdl_gr1d1_m2,3,Group Stage,31.69%,59.70%,Death Roamer-lane,Death,Roamer-lane,Mupinqt,Geek Fam ID Jr,5:24
MDL_mid2024,8/5/2024,mdl_gr1d1_m2,3,Group Stage,31.72%,59.70%,Kill Mid-lane,Kill,Mid-lane,Dhit,Raja Phoenix,5:24
MDL_mid2024,8/5/2024,mdl_gr1d1_m2,3,Group Stage,29.69%,56.43%,Kill Exp-lane,Kill,Exp-lane,Guinskie,Geek Fam ID Jr,5:26
MDL_mid2024,8/5/2024,mdl_gr1d1_m2,3,Group Stage,29.72%,57.90%,Death Roamer-lane,Death,Roamer-lane,Vittong,Raja Phoenix,5:26
MDL_mid2024,8/5/2024,mdl_gr1d1_m2,3,Group Stage,66.69%,69.23%,Death Exp-lane,Death,Exp-lane,Guinskie,Geek Fam ID Jr,9:02
MDL_mid2024,8/5/2024,mdl_gr1d1_m2,3,Group Stage,67.39%,69.57%,Kill gold-lane,Kill,gold-lane,Restless,Raja Phoenix,9:02
MDL_mid2024,8/5/2024,mdl_gr1d1_m2,3,Group Stage,67.35%,67.23%,Death Mid-lane,Death,Mid-lane,ALAM,Geek Fam ID Jr,9:03
MDL_mid2024,8/5/2024,mdl_gr1d1_m2,3,Group Stage,67.05%,69.90%,Kill Jungler-line,Kill,Jungler-line,Exortt,Raja Phoenix,9:03
MDL_mid2024,8/5/2024,mdl_gr1d1_m2,3,Group Stage,67.02%,67.57%,Death Roamer-lane,Death,Roamer-lane,Mupinqt,Geek Fam ID Jr,9:07
MDL_mid2024,8/5/2024,mdl_gr1d1_m2,3,Group Stage,64.39%,69.23%,Kill gold-lane,Kill,gold-lane,Restless,Raja Phoenix,9:07
MDL_mid2024,8/5/2024,mdl_gr1d1_m2,3,Group Stage,29.02%,89.90%,Death Exp-lane,Death,Exp-lane,Guinskie,Geek Fam ID Jr,10:11
MDL_mid2024,8/5/2024,mdl_gr1d1_m2,3,Group Stage,28.72%,92.57%,Kill gold-lane,Kill,gold-lane,Restless,Raja Phoenix,10:11
MDL_mid2024,8/5/2024,mdl_gr1d1_m2,3,Group Stage,19.35%,88.57%,Death Roamer-lane,Death,Roamer-lane,Mupinqt,Geek Fam ID Jr,10:13
MDL_mid2024,8/5/2024,mdl_gr1d1_m2,3,Group Stage,18.72%,88.57%,Kill Exp-lane,Kill,Exp-lane,JuparrTzy,Raja Phoenix,10:13
MDL_mid2024,8/5/2024,mdl_gr1d1_m2,3,Group Stage,21.69%,89.90%,Kill gold-lane,Kill,gold-lane,Zeltron,Geek Fam ID Jr,10:17
MDL_mid2024,8/5/2024,mdl_gr1d1_m2,3,Group Stage,21.39%,88.90%,Death Exp-lane,Death,Exp-lane,JuparrTzy,Raja Phoenix,10:17
MDL_mid2024,8/5/2024,mdl_gr1d1_m2,3,Group Stage,14.69%,89.10%,Death Jungler-line,Death,Jungler-line,Ozi N1,Geek Fam ID Jr,10:20
MDL_mid2024,8/5/2024,mdl_gr1d1_m2,3,Group Stage,15.05%,90.77%,Kill Jungler-line,Kill,Jungler-line,Exortt,Raja Phoenix,10:20
MDL_mid2024,8/5/2024,mdl_gr1d1_m2,3,Group Stage,4.02%,84.43%,Death Mid-lane,Death,Mid-lane,ALAM,Geek Fam ID Jr,10:36
MDL_mid2024,8/5/2024,mdl_gr1d1_m2,3,Group Stage,3.05%,84.10%,Kill Jungler-line,Kill,Jungler-line,Exortt,Raja Phoenix,10:36
MDL_mid2024,8/5/2024,mdl_gr1d1_m3,1,Group Stage,49.69%,33.63%,Kill Roamer-lane,Kill,Roamer-lane,Magma,Alter Ego X,0:53
MDL_mid2024,8/5/2024,mdl_gr1d1_m3,1,Group Stage,49.72%,32.43%,Death Mid-lane,Death,Mid-lane,Killua,ONIC Prodigy,0:53
MDL_mid2024,8/5/2024,mdl_gr1d1_m3,1,Group Stage,45.02%,24.70%,Kill Jungler-line,Kill,Jungler-line,Tazz,Alter Ego X,0:57
MDL_mid2024,8/5/2024,mdl_gr1d1_m3,1,Group Stage,44.39%,24.97%,Death Roamer-lane,Death,Roamer-lane,SamueL,ONIC Prodigy,0:57
MDL_mid2024,8/5/2024,mdl_gr1d1_m3,1,Group Stage,50.02%,6.03%,Kill Jungler-line,Kill,Jungler-line,Tazz,Alter Ego X,3:17
MDL_mid2024,8/5/2024,mdl_gr1d1_m3,1,Group Stage,49.72%,5.23%,Death Jungler-line,Death,Jungler-line,Bouy,ONIC Prodigy,3:17
MDL_mid2024,8/5/2024,mdl_gr1d1_m3,1,Group Stage,75.69%,65.70%,Death Exp-lane,Death,Exp-lane,Fawndeer,Alter Ego X,4:08
MDL_mid2024,8/5/2024,mdl_gr1d1_m3,1,Group Stage,75.39%,64.90%,Kill gold-lane,Kill,gold-lane,Medzz,ONIC Prodigy,4:08
MDL_mid2024,8/5/2024,mdl_gr1d1_m3,1,Group Stage,55.02%,50.03%,Death Roamer-lane,Death,Roamer-lane,Magma,Alter Ego X,4:16
MDL_mid2024,8/5/2024,mdl_gr1d1_m3,1,Group Stage,55.39%,51.37%,Kill Exp-lane,Kill,Exp-lane,Rezzz,ONIC Prodigy,4:16
MDL_mid2024,8/5/2024,mdl_gr1d1_m3,1,Group Stage,33.69%,22.57%,Kill gold-lane,Kill,gold-lane,Arfy,Alter Ego X,6:35
MDL_mid2024,8/5/2024,mdl_gr1d1_m3,1,Group Stage,35.05%,23.57%,Death gold-lane,Death,gold-lane,Medzz,ONIC Prodigy,6:35
MDL_mid2024,8/5/2024,mdl_gr1d1_m3,1,Group Stage,66.69%,66.57%,Death Jungler-line,Death,Jungler-line,Tazz,Alter Ego X,6:38
MDL_mid2024,8/5/2024,mdl_gr1d1_m3,1,Group Stage,65.72%,67.57%,Kill Exp-lane,Kill,Exp-lane,Rezzz,ONIC Prodigy,6:38
MDL_mid2024,8/5/2024,mdl_gr1d1_m3,1,Group Stage,68.02%,69.63%,Death Exp-lane,Death,Exp-lane,Fawndeer,Alter Ego X,6:43
MDL_mid2024,8/5/2024,mdl_gr1d1_m3,1,Group Stage,67.72%,68.43%,Kill Mid-lane,Kill,Mid-lane,Killua,ONIC Prodigy,6:43
MDL_mid2024,8/5/2024,mdl_gr1d1_m3,1,Group Stage,51.69%,6.37%,Kill gold-lane,Kill,gold-lane,Arfy,Alter Ego X,7:18
MDL_mid2024,8/5/2024,mdl_gr1d1_m3,1,Group Stage,49.72%,6.10%,Death gold-lane,Death,gold-lane,Medzz,ONIC Prodigy,7:18
MDL_mid2024,8/5/2024,mdl_gr1d1_m3,1,Group Stage,68.02%,49.37%,Death Roamer-lane,Death,Roamer-lane,Magma,Alter Ego X,8:18
MDL_mid2024,8/5/2024,mdl_gr1d1_m3,1,Group Stage,68.72%,49.37%,Kill gold-lane,Kill,gold-lane,Medzz,ONIC Prodigy,8:18
MDL_mid2024,8/5/2024,mdl_gr1d1_m3,1,Group Stage,77.02%,64.97%,Death gold-lane,Death,gold-lane,Arfy,Alter Ego X,8:24
MDL_mid2024,8/5/2024,mdl_gr1d1_m3,1,Group Stage,75.39%,68.43%,Kill Jungler-line,Kill,Jungler-line,Bouy,ONIC Prodigy,8:24
MDL_mid2024,8/5/2024,mdl_gr1d1_m3,1,Group Stage,76.69%,67.23%,Death Exp-lane,Death,Exp-lane,Fawndeer,Alter Ego X,8:28
MDL_mid2024,8/5/2024,mdl_gr1d1_m3,1,Group Stage,77.05%,67.97%,Kill Exp-lane,Kill,Exp-lane,Rezzz,ONIC Prodigy,8:28
MDL_mid2024,8/5/2024,mdl_gr1d1_m3,1,Group Stage,30.02%,43.90%,Kill gold-lane,Kill,gold-lane,Arfy,Alter Ego X,9:07
MDL_mid2024,8/5/2024,mdl_gr1d1_m3,1,Group Stage,29.05%,44.90%,Death Exp-lane,Death,Exp-lane,Rezzz,ONIC Prodigy,9:07
MDL_mid2024,8/5/2024,mdl_gr1d1_m3,1,Group Stage,20.02%,20.57%,Death Roamer-lane,Death,Roamer-lane,Magma,Alter Ego X,9:10
MDL_mid2024,8/5/2024,mdl_gr1d1_m3,1,Group Stage,19.72%,19.23%,Kill gold-lane,Kill,gold-lane,Medzz,ONIC Prodigy,9:10
MDL_mid2024,8/5/2024,mdl_gr1d1_m3,1,Group Stage,36.02%,9.70%,Kill Exp-lane,Kill,Exp-lane,Fawndeer,Alter Ego X,9:21
MDL_mid2024,8/5/2024,mdl_gr1d1_m3,1,Group Stage,36.39%,10.10%,Death Jungler-line,Death,Jungler-line,Bouy,ONIC Prodigy,9:21
MDL_mid2024,8/5/2024,mdl_gr1d1_m3,1,Group Stage,25.69%,93.37%,Death Jungler-line,Death,Jungler-line,Tazz,Alter Ego X,10:45
MDL_mid2024,8/5/2024,mdl_gr1d1_m3,1,Group Stage,27.05%,92.70%,Kill gold-lane,Kill,gold-lane,Medzz,ONIC Prodigy,10:45
MDL_mid2024,8/5/2024,mdl_gr1d1_m3,1,Group Stage,55.35%,82.70%,Kill Exp-lane,Kill,Exp-lane,Fawndeer,Alter Ego X,11:00
MDL_mid2024,8/5/2024,mdl_gr1d1_m3,1,Group Stage,55.05%,83.23%,Death Roamer-lane,Death,Roamer-lane,SamueL,ONIC Prodigy,11:00
MDL_mid2024,8/5/2024,mdl_gr1d1_m3,1,Group Stage,53.35%,82.57%,Kill Exp-lane,Kill,Exp-lane,Fawndeer,Alter Ego X,11:04
MDL_mid2024,8/5/2024,mdl_gr1d1_m3,1,Group Stage,54.39%,82.10%,Death gold-lane,Death,gold-lane,Medzz,ONIC Prodigy,11:04
MDL_mid2024,8/5/2024,mdl_gr1d1_m3,1,Group Stage,53.02%,76.30%,Death Roamer-lane,Death,Roamer-lane,Magma,Alter Ego X,11:08
MDL_mid2024,8/5/2024,mdl_gr1d1_m3,1,Group Stage,52.72%,73.77%,Kill Exp-lane,Kill,Exp-lane,Rezzz,ONIC Prodigy,11:08
MDL_mid2024,8/5/2024,mdl_gr1d1_m3,1,Group Stage,35.02%,32.30%,Death Roamer-lane,Death,Roamer-lane,Magma,Alter Ego X,12:13
MDL_mid2024,8/5/2024,mdl_gr1d1_m3,1,Group Stage,35.72%,34.30%,Kill Roamer-lane,Kill,Roamer-lane,SamueL,ONIC Prodigy,12:13
MDL_mid2024,8/5/2024,mdl_gr1d1_m3,1,Group Stage,35.69%,39.97%,Death Jungler-line,Death,Jungler-line,Tazz,Alter Ego X,12:23
MDL_mid2024,8/5/2024,mdl_gr1d1_m3,1,Group Stage,33.72%,40.77%,Kill Jungler-line,Kill,Jungler-line,Bouy,ONIC Prodigy,12:23
MDL_mid2024,8/5/2024,mdl_gr1d1_m3,1,Group Stage,22.02%,74.90%,Death Exp-lane,Death,Exp-lane,Fawndeer,Alter Ego X,14:01
MDL_mid2024,8/5/2024,mdl_gr1d1_m3,1,Group Stage,21.39%,75.77%,Kill Mid-lane,Kill,Mid-lane,Killua,ONIC Prodigy,14:01
MDL_mid2024,8/5/2024,mdl_gr1d1_m3,1,Group Stage,18.02%,81.90%,Death gold-lane,Death,gold-lane,Arfy,Alter Ego X,14:26
MDL_mid2024,8/5/2024,mdl_gr1d1_m3,1,Group Stage,14.39%,82.37%,Kill Mid-lane,Kill,Mid-lane,Killua,ONIC Prodigy,14:26
MDL_mid2024,8/5/2024,mdl_gr1d1_m3,1,Group Stage,19.69%,92.30%,Death Roamer-lane,Death,Roamer-lane,Magma,Alter Ego X,14:31
MDL_mid2024,8/5/2024,mdl_gr1d1_m3,1,Group Stage,19.39%,93.17%,Kill Exp-lane,Kill,Exp-lane,Rezzz,ONIC Prodigy,14:31
MDL_mid2024,8/5/2024,mdl_gr1d1_m3,2,Group Stage,37.69%,10.70%,Kill Jungler-line,Kill,Jungler-line,Bouy,ONIC Prodigy,1:21
MDL_mid2024,8/5/2024,mdl_gr1d1_m3,2,Group Stage,37.72%,11.63%,Death Jungler-line,Death,Jungler-line,Tazz,Alter Ego X,1:21
MDL_mid2024,8/5/2024,mdl_gr1d1_m3,2,Group Stage,63.35%,67.57%,Kill Jungler-line,Kill,Jungler-line,Bouy,ONIC Prodigy,2:35
MDL_mid2024,8/5/2024,mdl_gr1d1_m3,2,Group Stage,62.72%,67.57%,Death Exp-lane,Death,Exp-lane,Fawndeer,Alter Ego X,2:35
MDL_mid2024,8/5/2024,mdl_gr1d1_m3,2,Group Stage,65.02%,66.77%,Death Exp-lane,Death,Exp-lane,Rezzz,ONIC Prodigy,2:36
MDL_mid2024,8/5/2024,mdl_gr1d1_m3,2,Group Stage,65.05%,66.43%,Kill Jungler-line,Kill,Jungler-line,Tazz,Alter Ego X,2:36
MDL_mid2024,8/5/2024,mdl_gr1d1_m3,2,Group Stage,70.02%,30.70%,Kill Jungler-line,Kill,Jungler-line,Bouy,ONIC Prodigy,4:29
MDL_mid2024,8/5/2024,mdl_gr1d1_m3,2,Group Stage,70.72%,32.37%,Death Mid-lane,Death,Mid-lane,Celiboy,Alter Ego X,4:29
MDL_mid2024,8/5/2024,mdl_gr1d1_m3,2,Group Stage,37.69%,29.70%,Kill Exp-lane,Kill,Exp-lane,Rezzz,ONIC Prodigy,4:50
MDL_mid2024,8/5/2024,mdl_gr1d1_m3,2,Group Stage,37.05%,32.57%,Death Roamer-lane,Death,Roamer-lane,Magma,Alter Ego X,4:50
MDL_mid2024,8/5/2024,mdl_gr1d1_m3,2,Group Stage,37.69%,33.23%,Death Exp-lane,Death,Exp-lane,Rezzz,ONIC Prodigy,4:52
MDL_mid2024,8/5/2024,mdl_gr1d1_m3,2,Group Stage,35.39%,33.90%,Kill Jungler-line,Kill,Jungler-line,Tazz,Alter Ego X,4:52
MDL_mid2024,8/5/2024,mdl_gr1d1_m3,2,Group Stage,38.02%,24.90%,Kill gold-lane,Kill,gold-lane,Medzz,ONIC Prodigy,4:59
MDL_mid2024,8/5/2024,mdl_gr1d1_m3,2,Group Stage,37.72%,25.97%,Death Exp-lane,Death,Exp-lane,Fawndeer,Alter Ego X,4:59
MDL_mid2024,8/5/2024,mdl_gr1d1_m3,2,Group Stage,37.35%,41.70%,Kill Exp-lane,Kill,Exp-lane,Rezzz,ONIC Prodigy,6:11
MDL_mid2024,8/5/2024,mdl_gr1d1_m3,2,Group Stage,37.05%,40.70%,Death Roamer-lane,Death,Roamer-lane,Magma,Alter Ego X,6:11
MDL_mid2024,8/5/2024,mdl_gr1d1_m3,2,Group Stage,56.69%,44.97%,Kill Mid-lane,Kill,Mid-lane,Killua,ONIC Prodigy,6:27
MDL_mid2024,8/5/2024,mdl_gr1d1_m3,2,Group Stage,55.39%,43.90%,Death Exp-lane,Death,Exp-lane,Fawndeer,Alter Ego X,6:27
MDL_mid2024,8/5/2024,mdl_gr1d1_m3,2,Group Stage,63.02%,39.23%,Kill Jungler-line,Kill,Jungler-line,Bouy,ONIC Prodigy,6:31
MDL_mid2024,8/5/2024,mdl_gr1d1_m3,2,Group Stage,64.39%,38.43%,Death gold-lane,Death,gold-lane,Arfy,Alter Ego X,6:31
MDL_mid2024,8/5/2024,mdl_gr1d1_m3,2,Group Stage,65.35%,31.37%,Kill Mid-lane,Kill,Mid-lane,Killua,ONIC Prodigy,6:32
MDL_mid2024,8/5/2024,mdl_gr1d1_m3,2,Group Stage,62.72%,32.77%,Death Mid-lane,Death,Mid-lane,Celiboy,Alter Ego X,6:32
MDL_mid2024,8/5/2024,mdl_gr1d1_m3,2,Group Stage,76.02%,23.37%,Kill Jungler-line,Kill,Jungler-line,Bouy,ONIC Prodigy,7:22
MDL_mid2024,8/5/2024,mdl_gr1d1_m3,2,Group Stage,77.05%,22.30%,Death Mid-lane,Death,Mid-lane,Celiboy,Alter Ego X,7:22
MDL_mid2024,8/5/2024,mdl_gr1d1_m3,2,Group Stage,81.02%,43.57%,Death Exp-lane,Death,Exp-lane,Rezzz,ONIC Prodigy,7:26
MDL_mid2024,8/5/2024,mdl_gr1d1_m3,2,Group Stage,80.39%,43.30%,Kill Jungler-line,Kill,Jungler-line,Tazz,Alter Ego X,7:26
MDL_mid2024,8/5/2024,mdl_gr1d1_m3,2,Group Stage,19.69%,3.70%,Kill gold-lane,Kill,gold-lane,Medzz,ONIC Prodigy,8:29
MDL_mid2024,8/5/2024,mdl_gr1d1_m3,2,Group Stage,19.05%,4.30%,Death Exp-lane,Death,Exp-lane,Fawndeer,Alter Ego X,8:29
MDL_mid2024,8/5/2024,mdl_gr1d1_m3,2,Group Stage,55.35%,12.03%,Death Exp-lane,Death,Exp-lane,Rezzz,ONIC Prodigy,9:07
MDL_mid2024,8/5/2024,mdl_gr1d1_m3,2,Group Stage,54.39%,10.97%,Kill gold-lane,Kill,gold-lane,Arfy,Alter Ego X,9:07
MDL_mid2024,8/5/2024,mdl_gr1d1_m3,2,Group Stage,42.69%,33.23%,Death gold-lane,Death,gold-lane,Medzz,ONIC Prodigy,10:06
MDL_mid2024,8/5/2024,mdl_gr1d1_m3,2,Group Stage,41.05%,33.63%,Kill Jungler-line,Kill,Jungler-line,Tazz,Alter Ego X,10:06
MDL_mid2024,8/5/2024,mdl_gr1d1_m3,2,Group Stage,35.35%,33.57%,Kill Exp-lane,Kill,Exp-lane,Rezzz,ONIC Prodigy,10:07
MDL_mid2024,8/5/2024,mdl_gr1d1_m3,2,Group Stage,37.39%,31.57%,Death Exp-lane,Death,Exp-lane,Fawndeer,Alter Ego X,10:07
MDL_mid2024,8/5/2024,mdl_gr1d1_m3,2,Group Stage,38.69%,28.70%,Death Mid-lane,Death,Mid-lane,Killua,ONIC Prodigy,10:09
MDL_mid2024,8/5/2024,mdl_gr1d1_m3,2,Group Stage,35.72%,27.90%,Kill gold-lane,Kill,gold-lane,Arfy,Alter Ego X,10:09
MDL_mid2024,8/5/2024,mdl_gr1d1_m3,2,Group Stage,38.69%,33.57%,Kill Jungler-line,Kill,Jungler-line,Bouy,ONIC Prodigy,10:10
MDL_mid2024,8/5/2024,mdl_gr1d1_m3,2,Group Stage,41.05%,31.10%,Death Roamer-lane,Death,Roamer-lane,Magma,Alter Ego X,10:10
MDL_mid2024,8/5/2024,mdl_gr1d1_m3,2,Group Stage,38.02%,33.10%,Death Exp-lane,Death,Exp-lane,Rezzz,ONIC Prodigy,10:12
MDL_mid2024,8/5/2024,mdl_gr1d1_m3,2,Group Stage,39.39%,28.37%,Kill gold-lane,Kill,gold-lane,Arfy,Alter Ego X,10:12
MDL_mid2024,8/5/2024,mdl_gr1d1_m3,2,Group Stage,34.02%,31.70%,Death Roamer-lane,Death,Roamer-lane,SamueL,ONIC Prodigy,10:14
MDL_mid2024,8/5/2024,mdl_gr1d1_m3,2,Group Stage,42.39%,29.77%,Kill gold-lane,Kill,gold-lane,Arfy,Alter Ego X,10:14
MDL_mid2024,8/5/2024,mdl_gr1d1_m3,2,Group Stage,3.69%,42.10%,Death gold-lane,Death,gold-lane,Medzz,ONIC Prodigy,11:06
MDL_mid2024,8/5/2024,mdl_gr1d1_m3,2,Group Stage,5.05%,43.10%,Kill Exp-lane,Kill,Exp-lane,Fawndeer,Alter Ego X,11:06
MDL_mid2024,8/5/2024,mdl_gr1d1_m3,2,Group Stage,5.02%,44.37%,Death Roamer-lane,Death,Roamer-lane,SamueL,ONIC Prodigy,11:09
MDL_mid2024,8/5/2024,mdl_gr1d1_m3,2,Group Stage,1.72%,40.70%,Kill gold-lane,Kill,gold-lane,Arfy,Alter Ego X,11:09
MDL_mid2024,8/5/2024,mdl_gr1d1_m3,2,Group Stage,31.69%,57.90%,Kill Mid-lane,Kill,Mid-lane,Killua,ONIC Prodigy,12:37
MDL_mid2024,8/5/2024,mdl_gr1d1_m3,2,Group Stage,33.72%,60.70%,Death Exp-lane,Death,Exp-lane,Fawndeer,Alter Ego X,12:37
MDL_mid2024,8/5/2024,mdl_gr1d1_m3,2,Group Stage,40.69%,62.70%,Death Exp-lane,Death,Exp-lane,Rezzz,ONIC Prodigy,12:38
MDL_mid2024,8/5/2024,mdl_gr1d1_m3,2,Group Stage,42.39%,60.43%,Kill gold-lane,Kill,gold-lane,Arfy,Alter Ego X,12:38
MDL_mid2024,8/5/2024,mdl_gr1d1_m3,2,Group Stage,39.69%,59.77%,Kill gold-lane,Kill,gold-lane,Medzz,ONIC Prodigy,12:39
MDL_mid2024,8/5/2024,mdl_gr1d1_m3,2,Group Stage,42.39%,56.90%,Death Mid-lane,Death,Mid-lane,Celiboy,Alter Ego X,12:39
MDL_mid2024,8/5/2024,mdl_gr1d1_m3,2,Group Stage,49.69%,68.90%,Kill Mid-lane,Kill,Mid-lane,Killua,ONIC Prodigy,12:43
MDL_mid2024,8/5/2024,mdl_gr1d1_m3,2,Group Stage,49.39%,69.23%,Death gold-lane,Death,gold-lane,Arfy,Alter Ego X,12:43
MDL_mid2024,8/5/2024,mdl_gr1d1_m3,2,Group Stage,38.69%,30.70%,Kill gold-lane,Kill,gold-lane,Medzz,ONIC Prodigy,13:29
MDL_mid2024,8/5/2024,mdl_gr1d1_m3,2,Group Stage,40.72%,29.23%,Death Roamer-lane,Death,Roamer-lane,Magma,Alter Ego X,13:29
MDL_mid2024,8/5/2024,mdl_gr1d1_m3,2,Group Stage,43.02%,24.30%,Kill gold-lane,Kill,gold-lane,Medzz,ONIC Prodigy,13:34
MDL_mid2024,8/5/2024,mdl_gr1d1_m3,2,Group Stage,42.39%,25.90%,Death Exp-lane,Death,Exp-lane,Fawndeer,Alter Ego X,13:34
MDL_mid2024,8/5/2024,mdl_gr1d1_m3,2,Group Stage,47.02%,18.70%,Kill Jungler-line,Kill,Jungler-line,Bouy,ONIC Prodigy,13:38
MDL_mid2024,8/5/2024,mdl_gr1d1_m3,2,Group Stage,48.72%,16.10%,Death gold-lane,Death,gold-lane,Arfy,Alter Ego X,13:38
MDL_mid2024,8/5/2024,mdl_gr1d1_m3,2,Group Stage,47.02%,21.70%,Death Mid-lane,Death,Mid-lane,Killua,ONIC Prodigy,13:42
MDL_mid2024,8/5/2024,mdl_gr1d1_m3,2,Group Stage,46.39%,18.97%,Kill Jungler-line,Kill,Jungler-line,Tazz,Alter Ego X,13:42
MDL_mid2024,8/5/2024,mdl_gr1d1_m3,2,Group Stage,69.02%,45.70%,Kill gold-lane,Kill,gold-lane,Medzz,ONIC Prodigy,14:25
MDL_mid2024,8/5/2024,mdl_gr1d1_m3,2,Group Stage,67.39%,46.43%,Death Jungler-line,Death,Jungler-line,Tazz,Alter Ego X,14:25
MDL_mid2024,8/5/2024,mdl_gr1d1_m3,2,Group Stage,59.35%,54.70%,Kill Jungler-line,Kill,Jungler-line,Bouy,ONIC Prodigy,16:49
MDL_mid2024,8/5/2024,mdl_gr1d1_m3,2,Group Stage,63.72%,53.10%,Death Exp-lane,Death,Exp-lane,Fawndeer,Alter Ego X,16:49
MDL_mid2024,8/5/2024,mdl_gr1d1_m3,2,Group Stage,57.02%,53.77%,Kill Mid-lane,Kill,Mid-lane,Killua,ONIC Prodigy,16:51
MDL_mid2024,8/5/2024,mdl_gr1d1_m3,2,Group Stage,56.72%,54.10%,Death Roamer-lane,Death,Roamer-lane,Magma,Alter Ego X,16:51
MDL_mid2024,8/5/2024,mdl_gr1d1_m3,2,Group Stage,61.02%,13.37%,Death Roamer-lane,Death,Roamer-lane,SamueL,ONIC Prodigy,19:06
MDL_mid2024,8/5/2024,mdl_gr1d1_m3,2,Group Stage,59.72%,12.77%,Kill gold-lane,Kill,gold-lane,Arfy,Alter Ego X,19:06
MDL_mid2024,8/5/2024,mdl_gr1d1_m3,2,Group Stage,62.69%,11.77%,Kill gold-lane,Kill,gold-lane,Medzz,ONIC Prodigy,19:13
MDL_mid2024,8/5/2024,mdl_gr1d1_m3,2,Group Stage,73.02%,17.77%,Kill Jungler-line,Kill,Jungler-line,Bouy,ONIC Prodigy,19:13
MDL_mid2024,8/5/2024,mdl_gr1d1_m3,2,Group Stage,63.05%,11.77%,Death Exp-lane,Death,Exp-lane,Fawndeer,Alter Ego X,19:13
MDL_mid2024,8/5/2024,mdl_gr1d1_m3,2,Group Stage,72.72%,17.10%,Death Roamer-lane,Death,Roamer-lane,Magma,Alter Ego X,19:13
MDL_mid2024,8/5/2024,mdl_gr1d1_m3,2,Group Stage,75.35%,6.70%,Kill Jungler-line,Kill,Jungler-line,Bouy,ONIC Prodigy,19:21
MDL_mid2024,8/5/2024,mdl_gr1d1_m3,2,Group Stage,74.39%,7.37%,Death Mid-lane,Death,Mid-lane,Celiboy,Alter Ego X,19:21
MDL_mid2024,8/5/2024,mdl_gr1d1_m3,2,Group Stage,82.69%,12.57%,Kill gold-lane,Kill,gold-lane,Medzz,ONIC Prodigy,19:54
MDL_mid2024,8/5/2024,mdl_gr1d1_m3,2,Group Stage,83.39%,12.97%,Death Roamer-lane,Death,Roamer-lane,Magma,Alter Ego X,19:54
MDL_mid2024,8/5/2024,mdl_gr1d1_m3,2,Group Stage,85.35%,16.57%,Kill gold-lane,Kill,gold-lane,Medzz,ONIC Prodigy,19:55
MDL_mid2024,8/5/2024,mdl_gr1d1_m3,2,Group Stage,88.39%,15.90%,Death Jungler-line,Death,Jungler-line,Tazz,Alter Ego X,19:55