Date,Stage,Match_id,Round,Player,Team,Pick,Win,Enemy,Role Pick,Ban,Role Ban,Spell,Emblem,Talent 1,Talent 2,Talent 3,MVP,Time,K,D,A,Gold,Level,Lord ,Turtle,Tower,"Buff
 Biru","Buff 
Merah"
8/5/2024,GroupStage,mdl_gr1d1_m1,1,Saykots,EVOS Icon,Terizla,Win,Dewa United Morpheus,Nilai Tidak Ditemukan,Arlott,Nilai Tidak Ditemukan,Flicker,Fighter,Rupture,Festival of Blood,Impure Rage,1,13:49,4,3,8,7642,13,1,1,6,8,6
8/5/2024,GroupStage,mdl_gr1d1_m1,1,Nazara,EVOS Icon,Lancelot,Win,Dewa United Morpheus,Nilai Tidak Ditemukan,Ruby,Nilai Tidak Ditemukan,Retribution,Assassin,Swift,Seasoned Hunter,Quantum Charge,0,13:49,3,1,6,10359,15,1,1,6,8,6
8/5/2024,GroupStage,mdl_gr1d1_m1,1,Depezett,EVOS Icon,Zhask,Win,Dewa United Morpheus,Nilai Tidak Ditemukan,Moskov,Nilai Tidak Ditemukan,Flicker,Mage,Rupture,Bargain Hunter,Impure Rage,0,13:49,4,1,9,7880,13,1,1,6,8,6
8/5/2024,GroupStage,mdl_gr1d1_m1,1,Alevaa,EVOS Icon,Khufra,Win,Dewa United Morpheus,Nilai Tidak Ditemukan,Grock,Nilai Tidak Ditemukan,Flicker,Tank,Agility,Tenacity,Concussive Blast,0,13:49,0,3,6,5634,12,1,1,6,8,6
8/5/2024,GroupStage,mdl_gr1d1_m1,1,Inaya,EVOS Icon,Claude,Win,Dewa United Morpheus,Nilai Tidak Ditemukan,Tigreal,Nilai Tidak Ditemukan,Purify,Common,Firmness,Tenacity,Quantum Charge,0,13:49,3,1,7,10780,15,1,1,6,8,6
8/5/2024,GroupStage,mdl_gr1d1_m1,1,Markk,Dewa United Morpheus,Thamuz,Lose,EVOS Icon,Nilai Tidak Ditemukan,Harith,Nilai Tidak Ditemukan,Vengeance,Fighter,Swift,Festival of Blood,Brave Smite,0,13:49,3,3,3,6740,12,0,2,2,6,6
8/5/2024,GroupStage,mdl_gr1d1_m1,1,Manta,Dewa United Morpheus,Hayabusa,Lose,EVOS Icon,Nilai Tidak Ditemukan,Nolan,Nilai Tidak Ditemukan,Retribution,Assassin,Thrill,Seasoned Hunter,War Cry,0,13:49,2,3,4,8982,15,0,2,2,6,6
8/5/2024,GroupStage,mdl_gr1d1_m1,1,Dahlan,Dewa United Morpheus,Zhuxin,Lose,EVOS Icon,Nilai Tidak Ditemukan,Ling,Nilai Tidak Ditemukan,Flicker,Mage,Firmness,Wilderness Blessing.,Impure Rage,0,13:49,1,2,7,7132,13,0,2,2,6,6
8/5/2024,GroupStage,mdl_gr1d1_m1,1,panpan,Dewa United Morpheus,Minotaur,Lose,EVOS Icon,Nilai Tidak Ditemukan,Fanny,Nilai Tidak Ditemukan,Flicker,Tank,Firmness,Tenacity,Concussive Blast,0,13:49,2,4,6,5730,12,0,2,2,6,6
8/5/2024,GroupStage,mdl_gr1d1_m1,1,Maybe,Dewa United Morpheus,Roger,Lose,EVOS Icon,Nilai Tidak Ditemukan,Chip,Nilai Tidak Ditemukan,Purify,Assassin,Thrill,Master Assassin,Quantum Charge,0,13:49,1,2,1,8884,14,0,2,2,6,6
8/5/2024,GroupStage,mdl_gr1d1_m1,2,Markk,Dewa United Morpheus,Terizla,Lose,EVOS Icon,Nilai Tidak Ditemukan,Nolan,Nilai Tidak Ditemukan,Flicker,Fighter,Rupture,Festival of Blood,Brave Smite,0,14:40,3,4,5,6547,12,2,2,3,6,7
8/5/2024,GroupStage,mdl_gr1d1_m1,2,Manta,Dewa United Morpheus,Alpha,Lose,EVOS Icon,Nilai Tidak Ditemukan,Hayabusa,Nilai Tidak Ditemukan,Retribution,Fighter,Thrill,Seasoned Hunter,Quantum Charge,0,14:40,4,5,3,9244,15,2,2,3,6,7
8/5/2024,GroupStage,mdl_gr1d1_m1,2,Dahlan,Dewa United Morpheus,Aurora,Lose,EVOS Icon,Nilai Tidak Ditemukan,Angela,Nilai Tidak Ditemukan,Flicker,Mage,Rupture,Wilderness Blessing.,Impure Rage,0,14:40,2,5,8,8338,13,2,2,3,6,7
8/5/2024,GroupStage,mdl_gr1d1_m1,2,panpan,Dewa United Morpheus,Hylos,Lose,EVOS Icon,Nilai Tidak Ditemukan,Luo Yi,Nilai Tidak Ditemukan,Revitalize,Tank,Vitality,Tenacity,Concussive Blast,0,14:40,0,3,9,6418,12,2,2,3,6,7
8/5/2024,GroupStage,mdl_gr1d1_m1,2,Maybe,Dewa United Morpheus,Moskov,Lose,EVOS Icon,Nilai Tidak Ditemukan,Fanny,Nilai Tidak Ditemukan,Purify,Common,Swift,Tenacity,Quantum Charge,0,14:40,1,3,5,10586,15,2,2,3,6,7
8/5/2024,GroupStage,mdl_gr1d1_m1,2,Saykots,EVOS Icon,Arlott,Win,Dewa United Morpheus,Nilai Tidak Ditemukan,Chip,Nilai Tidak Ditemukan,Flicker,Common,Thrill,Tenacity,Brave Smite,0,14:40,6,2,9,7243,12,0,1,5,8,5
8/5/2024,GroupStage,mdl_gr1d1_m1,2,Nazara,EVOS Icon,Julian,Win,Dewa United Morpheus,Nilai Tidak Ditemukan,Ling,Nilai Tidak Ditemukan,Retribution,Mage,Swift,Seasoned Hunter,Quantum Charge,0,14:40,1,4,17,9610,15,0,1,5,8,5
8/5/2024,GroupStage,mdl_gr1d1_m1,2,Depezett,EVOS Icon,Valentina,Win,Dewa United Morpheus,Nilai Tidak Ditemukan,Zhask,Nilai Tidak Ditemukan,Flicker,Mage,Inspire,Wilderness Blessing.,Impure Rage,0,14:40,7,1,13,9390,15,0,1,5,8,5
8/5/2024,GroupStage,mdl_gr1d1_m1,2,Alevaa,EVOS Icon,Chou,Win,Dewa United Morpheus,Nilai Tidak Ditemukan,Faramis,Nilai Tidak Ditemukan,Flicker,Tank,Agility,Wilderness Blessing.,Concussive Blast,0,14:40,0,3,11,6225,12,0,1,5,8,5
8/5/2024,GroupStage,mdl_gr1d1_m1,2,Inaya,EVOS Icon,Karrie,Win,Dewa United Morpheus,Nilai Tidak Ditemukan,Xavier,Nilai Tidak Ditemukan,Purify,Common,Swift,Tenacity,Quantum Charge,1,14:40,6,0,5,11695,15,0,1,5,8,5
8/5/2024,GroupStage,mdl_gr1d1_m2,1,Guinskie,Geek Fam ID Jr,Hylos,Win,Raja Phoenix,Nilai Tidak Ditemukan,Terizla,Nilai Tidak Ditemukan,Revitalize,Tank,Vitality,Tenacity,Concussive Blast,0,10:24,0,2,6,5813,11,1,3,7,7,6
8/5/2024,GroupStage,mdl_gr1d1_m2,1,Ozi N1,Geek Fam ID Jr,Julian,Win,Raja Phoenix,Nilai Tidak Ditemukan,Zhask,Nilai Tidak Ditemukan,Retribution,Mage,Swift,Seasoned Hunter,Quantum Charge,0,10:24,1,0,4,8807,15,1,3,7,7,6
8/5/2024,GroupStage,mdl_gr1d1_m2,1,ALAM,Geek Fam ID Jr,Aurora,Win,Raja Phoenix,Nilai Tidak Ditemukan,Zhask,Nilai Tidak Ditemukan,Flicker,Mage,Rupture,Wilderness Blessing.,Impure Rage,0,10:24,1,0,10,6533,11,1,3,7,7,6
8/5/2024,GroupStage,mdl_gr1d1_m2,1,Mupinqt,Geek Fam ID Jr,Edith,Win,Raja Phoenix,Nilai Tidak Ditemukan,X.Borg,Nilai Tidak Ditemukan,Flicker,Tank,Firmness,Wilderness Blessing.,Quantum Charge,0,10:24,2,0,9,5699,11,1,3,7,7,6
8/5/2024,GroupStage,mdl_gr1d1_m2,1,Zeltron,Geek Fam ID Jr,Roger,Win,Raja Phoenix,Nilai Tidak Ditemukan,Yu Zhong,Nilai Tidak Ditemukan,Flicker,Common,Vitality,Tenacity,Quantum Charge,1,10:24,7,0,4,9583,13,1,3,7,7,6
8/5/2024,GroupStage,mdl_gr1d1_m2,1,JuparrTzy,Raja Phoenix,Thamuz,Lose,Geek Fam ID Jr,Nilai Tidak Ditemukan,Vexana,Nilai Tidak Ditemukan,Vengeance,Fighter,Swift,Festival of Blood,War Cry,0,10:24,0,2,2,4442,9,0,0,0,4,5
8/5/2024,GroupStage,mdl_gr1d1_m2,1,Exortt,Raja Phoenix,Alpha,Lose,Geek Fam ID Jr,Nilai Tidak Ditemukan,Faramis,Nilai Tidak Ditemukan,Retribution,Fighter,Thrill,Seasoned Hunter,Quantum Charge,0,10:24,0,3,1,5394,11,0,0,0,4,5
8/5/2024,GroupStage,mdl_gr1d1_m2,1,Dhit,Raja Phoenix,Yve,Lose,Geek Fam ID Jr,Nilai Tidak Ditemukan,Hayabusa,Nilai Tidak Ditemukan,Flicker,Mage,Inspire,Wilderness Blessing.,Impure Rage,0,10:24,2,0,0,5558,10,0,0,0,4,5
8/5/2024,GroupStage,mdl_gr1d1_m2,1,Vittong,Raja Phoenix,Angela,Lose,Geek Fam ID Jr,Nilai Tidak Ditemukan,Ling,Nilai Tidak Ditemukan,Flicker,Support,Inspire,Tenacity,Focusing Mark,0,10:24,0,2,2,3887,9,0,0,0,4,5
8/5/2024,GroupStage,mdl_gr1d1_m2,1,Restless,Raja Phoenix,Ruby,Lose,Geek Fam ID Jr,Nilai Tidak Ditemukan,Chip,Nilai Tidak Ditemukan,Flicker,Fighter,Rupture,Festival of Blood,Brave Smite,0,10:24,0,4,2,4758,9,0,0,0,4,5
8/5/2024,GroupStage,mdl_gr1d1_m2,2,JuparrTzy,Raja Phoenix,Yu Zhong,Win,Geek Fam ID Jr,Nilai Tidak Ditemukan,Joy,Nilai Tidak Ditemukan,Petrify,Fighter,Thrill,Festival of Blood,Quantum Charge,0,18:04,2,2,14,8866,15,3,3,8,12,9
8/5/2024,GroupStage,mdl_gr1d1_m2,2,Exortt,Raja Phoenix,Ling,Win,Geek Fam ID Jr,Nilai Tidak Ditemukan,Hayabusa,Nilai Tidak Ditemukan,Retribution,Assassin,Fatal,Seasoned Hunter,War Cry,0,18:04,5,2,10,15799,15,3,3,8,12,9
8/5/2024,GroupStage,mdl_gr1d1_m2,2,Dhit,Raja Phoenix,Vexana,Win,Geek Fam ID Jr,Nilai Tidak Ditemukan,Ruby,Nilai Tidak Ditemukan,Flicker,Mage,Rupture,Wilderness Blessing.,Impure Rage,0,18:04,5,0,9,10755,15,3,3,8,12,9
8/5/2024,GroupStage,mdl_gr1d1_m2,2,Vittong,Raja Phoenix,Hylos,Win,Geek Fam ID Jr,Nilai Tidak Ditemukan,Terizla,Nilai Tidak Ditemukan,Revitalize,Tank,Vitality,Tenacity,Concussive Blast,0,18:04,0,0,15,8960,15,3,3,8,12,9
8/5/2024,GroupStage,mdl_gr1d1_m2,2,Restless,Raja Phoenix,Harith,Win,Geek Fam ID Jr,Nilai Tidak Ditemukan,Angela,Nilai Tidak Ditemukan,Purify,Mage,Inspire,Bargain Hunter,Impure Rage,1,18:04,8,0,4,14269,15,3,3,8,12,9
8/5/2024,GroupStage,mdl_gr1d1_m2,2,Guinskie,Geek Fam ID Jr,Thamuz,Lose,Raja Phoenix,Nilai Tidak Ditemukan,Chip,Nilai Tidak Ditemukan,Vengeance,Fighter,Swift,Festival of Blood,Impure Rage,0,18:04,0,7,4,8088,14,0,0,4,7,8
8/5/2024,GroupStage,mdl_gr1d1_m2,2,Ozi N1,Geek Fam ID Jr,Alpha,Lose,Raja Phoenix,Nilai Tidak Ditemukan,Roger,Nilai Tidak Ditemukan,Retribution,Fighter,Thrill,Seasoned Hunter,Quantum Charge,0,18:04,1,3,2,10498,15,0,0,4,7,8
8/5/2024,GroupStage,mdl_gr1d1_m2,2,ALAM,Geek Fam ID Jr,Zhask,Lose,Raja Phoenix,Nilai Tidak Ditemukan,Zhuxin,Nilai Tidak Ditemukan,Flicker,Mage,Rupture,Bargain Hunter,Impure Rage,0,18:04,2,1,1,9295,15,0,0,4,7,8
8/5/2024,GroupStage,mdl_gr1d1_m2,2,Mupinqt,Geek Fam ID Jr,Khufra,Lose,Raja Phoenix,Nilai Tidak Ditemukan,Minotaur,Nilai Tidak Ditemukan,Flicker,Tank,Firmness,Tenacity,Quantum Charge,0,18:04,1,6,3,6965,14,0,0,4,7,8
8/5/2024,GroupStage,mdl_gr1d1_m2,2,Zeltron,Geek Fam ID Jr,Moskov,Lose,Raja Phoenix,Nilai Tidak Ditemukan,Edith,Nilai Tidak Ditemukan,Purify,Common,Firmness,Tenacity,Quantum Charge,0,18:04,0,3,1,12205,15,0,0,4,7,8
8/5/2024,GroupStage,mdl_gr1d1_m2,3,Guinskie,Geek Fam ID Jr,Terizla,Lose,Raja Phoenix,Nilai Tidak Ditemukan,Roger,Nilai Tidak Ditemukan,Flicker,Tank,Rupture,Festival of Blood,Brave Smite,0,10:51,1,4,0,4896,10,0,1,2,3,5
8/5/2024,GroupStage,mdl_gr1d1_m2,3,Ozi N1,Geek Fam ID Jr,Nolan,Lose,Raja Phoenix,Nilai Tidak Ditemukan,Zhask,Nilai Tidak Ditemukan,Retribution,Assassin,Thrill,Seasoned Hunter,Lethal Ignition,0,10:51,0,4,1,6326,12,0,1,2,3,5
8/5/2024,GroupStage,mdl_gr1d1_m2,3,ALAM,Geek Fam ID Jr,Valentina,Lose,Raja Phoenix,Nilai Tidak Ditemukan,Chip,Nilai Tidak Ditemukan,Flicker,Mage,Rupture,Wilderness Blessing.,Impure Rage,0,10:51,0,3,1,4903,10,0,1,2,3,5
8/5/2024,GroupStage,mdl_gr1d1_m2,3,Mupinqt,Geek Fam ID Jr,Grock,Lose,Raja Phoenix,Nilai Tidak Ditemukan,Arlott,Nilai Tidak Ditemukan,Flicker,Tank,Agility,Wilderness Blessing.,Quantum Charge,0,10:51,0,3,2,3985,9,0,1,2,3,5
8/5/2024,GroupStage,mdl_gr1d1_m2,3,Zeltron,Geek Fam ID Jr,Claude,Lose,Raja Phoenix,Nilai Tidak Ditemukan,Luo Yi,Nilai Tidak Ditemukan,Purify,Common,Agility,Tenacity,Quantum Charge,0,10:51,1,1,1,7221,11,0,1,2,3,5
8/5/2024,GroupStage,mdl_gr1d1_m2,3,JuparrTzy,Raja Phoenix,Edith,Win,Geek Fam ID Jr,Nilai Tidak Ditemukan,Baxia,Nilai Tidak Ditemukan,Flicker,Tank,Swift,Tenacity,Brave Smite,0,10:51,1,1,4,6263,11,1,2,9,9,6
8/5/2024,GroupStage,mdl_gr1d1_m2,3,Exortt,Raja Phoenix,Hayabusa,Win,Geek Fam ID Jr,Nilai Tidak Ditemukan,Joy,Nilai Tidak Ditemukan,Retribution,Assassin,Thrill,Seasoned Hunter,War Cry,1,10:51,6,0,6,8365,15,1,2,9,9,6
8/5/2024,GroupStage,mdl_gr1d1_m2,3,Dhit,Raja Phoenix,Pharsa,Win,Geek Fam ID Jr,Nilai Tidak Ditemukan,Ruby,Nilai Tidak Ditemukan,Flicker,Assassin,Agility,Weapons Master,Lethal Ignition,0,10:51,4,0,4,7628,12,1,2,9,9,6
8/5/2024,GroupStage,mdl_gr1d1_m2,3,Vittong,Raja Phoenix,Minotaur,Win,Geek Fam ID Jr,Nilai Tidak Ditemukan,Zhuxin,Nilai Tidak Ditemukan,Flicker,Tank,Firmness,Wilderness Blessing.,Concussive Blast,0,10:51,0,1,11,5933,12,1,2,9,9,6
8/5/2024,GroupStage,mdl_gr1d1_m2,3,Restless,Raja Phoenix,Moskov,Win,Geek Fam ID Jr,Nilai Tidak Ditemukan,Ling,Nilai Tidak Ditemukan,Flicker,Common,Thrill,Master Assassin,Quantum Charge,0,10:51,4,0,8,10192,14,1,2,9,9,6
8/5/2024,GroupStage,mdl_gr1d1_m3,1,Fawndeer,Alter Ego X,Terizla,Lose,ONIC Prodigy,Nilai Tidak Ditemukan,Valentina,Nilai Tidak Ditemukan,Flicker,Fighter,Thrill,Festival of Blood,Brave Smite,0,14:44,3,4,1,7219,13,0,2,4,8,8
8/5/2024,GroupStage,mdl_gr1d1_m3,1,Tazz,Alter Ego X,Roger,Lose,ONIC Prodigy,Nilai Tidak Ditemukan,Edith,Nilai Tidak Ditemukan,Retribution,Assassin,Swift,Seasoned Hunter,War Cry,0,14:44,2,3,3,10005,15,0,2,4,8,8
8/5/2024,GroupStage,mdl_gr1d1_m3,1,Celiboy,Alter Ego X,Angela,Lose,ONIC Prodigy,Nilai Tidak Ditemukan,Zhask,Nilai Tidak Ditemukan,Flicker,Mage,Inspire,Bargain Hunter,Impure Rage,0,14:44,0,0,7,6906,13,0,2,4,8,8
8/5/2024,GroupStage,mdl_gr1d1_m3,1,Magma,Alter Ego X,Chou,Lose,ONIC Prodigy,Nilai Tidak Ditemukan,Tigreal,Nilai Tidak Ditemukan,Flicker,Tank,Thrill,Wilderness Blessing.,Concussive Blast,0,14:44,1,6,4,6029,12,0,2,4,8,8
8/5/2024,GroupStage,mdl_gr1d1_m3,1,Arfy,Alter Ego X,Chang'e,Lose,ONIC Prodigy,Nilai Tidak Ditemukan,Lolita,Nilai Tidak Ditemukan,Flicker,Mage,Swift,Tenacity,Weakness Finder,0,14:44,3,2,3,11681,15,0,2,4,8,8
8/5/2024,GroupStage,mdl_gr1d1_m3,1,Rezzz,ONIC Prodigy,Arlott,Win,Alter Ego X,Nilai Tidak Ditemukan,Chip,Nilai Tidak Ditemukan,Flicker,Common,Thrill,Tenacity,Brave Smite,1,14:44,5,1,7,8867,14,2,1,9,6,7
8/5/2024,GroupStage,mdl_gr1d1_m3,1,Bouy,ONIC Prodigy,Julian,Win,Alter Ego X,Nilai Tidak Ditemukan,Ling,Nilai Tidak Ditemukan,Retribution,Mage,Swift,Seasoned Hunter,Quantum Charge,0,14:44,2,2,11,11169,15,2,1,9,6,7
8/5/2024,GroupStage,mdl_gr1d1_m3,1,Killua,ONIC Prodigy,Vexana,Win,Alter Ego X,Nilai Tidak Ditemukan,Zhuxin,Nilai Tidak Ditemukan,Flicker,Mage,Rupture,Wilderness Blessing.,Impure Rage,0,14:44,3,1,10,8592,14,2,1,9,6,7
8/5/2024,GroupStage,mdl_gr1d1_m3,1,SamueL,ONIC Prodigy,Minotaur,Win,Alter Ego X,Nilai Tidak Ditemukan,Hylos,Nilai Tidak Ditemukan,Flicker,Tank,Vitality,Tenacity,Concussive Blast,0,14:44,1,2,14,7938,13,2,1,9,6,7
8/5/2024,GroupStage,mdl_gr1d1_m3,1,Medzz,ONIC Prodigy,Moskov,Win,Alter Ego X,Nilai Tidak Ditemukan,Harith,Nilai Tidak Ditemukan,Purify,Common,Swift,Tenacity,Quantum Charge,0,14:44,4,3,7,10393,15,2,1,9,6,7
8/5/2024,GroupStage,mdl_gr1d1_m3,2,Rezzz,ONIC Prodigy,Edith,Win,Alter Ego X,Nilai Tidak Ditemukan,Arlott,Nilai Tidak Ditemukan,Flicker,Tank,Swift,Tenacity,Quantum Charge,0,19:42,3,5,14,10698,15,2,3,9,9,8
8/5/2024,GroupStage,mdl_gr1d1_m3,2,Bouy,ONIC Prodigy,Hayabusa,Win,Alter Ego X,Nilai Tidak Ditemukan,Julian,Nilai Tidak Ditemukan,Retribution,Assassin,Swift,Seasoned Hunter,War Cry,1,19:42,10,0,8,16343,15,2,3,9,9,8
8/5/2024,GroupStage,mdl_gr1d1_m3,2,Killua,ONIC Prodigy,Aurora,Win,Alter Ego X,Nilai Tidak Ditemukan,Moskov,Nilai Tidak Ditemukan,Flicker,Mage,Rupture,Wilderness Blessing.,Impure Rage,0,19:42,5,2,14,11706,15,2,3,9,9,8
8/5/2024,GroupStage,mdl_gr1d1_m3,2,SamueL,ONIC Prodigy,Chou,Win,Alter Ego X,Nilai Tidak Ditemukan,Ruby,Nilai Tidak Ditemukan,Flicker,Tank,Firmness,Wilderness Blessing.,Concussive Blast,0,19:42,0,4,15,8856,15,2,3,9,9,8
8/5/2024,GroupStage,mdl_gr1d1_m3,2,Medzz,ONIC Prodigy,Harith,Win,Alter Ego X,Nilai Tidak Ditemukan,Lunox,Nilai Tidak Ditemukan,Purify,Mage,Inspire,Bargain Hunter,Impure Rage,0,19:42,9,2,10,13415,15,2,3,9,9,8
8/5/2024,GroupStage,mdl_gr1d1_m3,2,Fawndeer,Alter Ego X,Tigreal,Lose,ONIC Prodigy,Nilai Tidak Ditemukan,Chip,Nilai Tidak Ditemukan,Flicker,Tank,Vitality,Tenacity,Concussive Blast,0,19:42,0,7,8,8274,14,1,0,6,12,10
8/5/2024,GroupStage,mdl_gr1d1_m3,2,Tazz,Alter Ego X,Nolan,Lose,ONIC Prodigy,Nilai Tidak Ditemukan,Ling,Nilai Tidak Ditemukan,Retribution,Assassin,Thrill,Seasoned Hunter,Lethal Ignition,0,19:42,5,3,4,14152,15,1,0,6,12,10
8/5/2024,GroupStage,mdl_gr1d1_m3,2,Celiboy,Alter Ego X,Valentina,Lose,ONIC Prodigy,Nilai Tidak Ditemukan,Zhuxin,Nilai Tidak Ditemukan,Purify,Mage,Inspire,Wilderness Blessing.,Impure Rage,0,19:42,0,5,10,9684,15,1,0,6,12,10
8/5/2024,GroupStage,mdl_gr1d1_m3,2,Magma,Alter Ego X,Kaja,Lose,ONIC Prodigy,Nilai Tidak Ditemukan,Angela,Nilai Tidak Ditemukan,Flicker,Support,Agility,Wilderness Blessing.,Quantum Charge,0,19:42,1,8,10,8277,14,1,0,6,12,10
8/5/2024,GroupStage,mdl_gr1d1_m3,2,Arfy,Alter Ego X,Karrie,Lose,ONIC Prodigy,Nilai Tidak Ditemukan,Faramis,Nilai Tidak Ditemukan,Purify,Common,Firmness,Tenacity,Quantum Charge,0,19:42,7,4,4,13639,15,1,0,6,12,10
8/6/2024,GroupStage,mdl_gr1d2_m1,1,JayySkie,Pendekar Esports,Cici,Win,Team Vitality,Nilai Tidak Ditemukan,Aurora,Nilai Tidak Ditemukan,Vengeance,Fighter,Inspire,Festival of Blood,Brave Smite,0,13:14,2,0,13,9607,15,2,3,9,11,11
8/6/2024,GroupStage,mdl_gr1d2_m1,1,Vlosee,Pendekar Esports,Julian,Win,Team Vitality,Nilai Tidak Ditemukan,Harith,Nilai Tidak Ditemukan,Retribution,Mage,Swift,Seasoned Hunter,Quantum Charge,1,13:14,6,1,8,12265,15,2,3,9,11,11
8/6/2024,GroupStage,mdl_gr1d2_m1,1,Speechless,Pendekar Esports,Zhask,Win,Team Vitality,Nilai Tidak Ditemukan,Zhuxin,Nilai Tidak Ditemukan,Flicker,Mage,Rupture,Tenacity,Impure Rage,0,13:14,6,0,10,10541,15,2,3,9,11,11
8/6/2024,GroupStage,mdl_gr1d2_m1,1,Druu,Pendekar Esports,Chou,Win,Team Vitality,Nilai Tidak Ditemukan,Edith,Nilai Tidak Ditemukan,Flicker,Tank,Agility,Wilderness Blessing.,Concussive Blast,0,13:14,0,3,11,7190,13,2,3,9,11,11
8/6/2024,GroupStage,mdl_gr1d2_m1,1,Bottle,Pendekar Esports,Moskov,Win,Team Vitality,Nilai Tidak Ditemukan,Ruby,Nilai Tidak Ditemukan,Flicker,Common,Firmness,Master Assassin,Quantum Charge,0,13:14,3,1,3,10607,15,2,3,9,11,11
8/6/2024,GroupStage,mdl_gr1d2_m1,1,Fumi,Team Vitality,Terizla,Lose,Team Vitality,Nilai Tidak Ditemukan,Chip,Nilai Tidak Ditemukan,Flicker,Fighter,Thrill,Tenacity,Brave Smite,0,13:14,1,3,2,6971,12,0,0,0,3,3
8/6/2024,GroupStage,mdl_gr1d2_m1,1,Vival,Team Vitality,Roger,Lose,Pendekar Esports,Nilai Tidak Ditemukan,Fanny,Nilai Tidak Ditemukan,Retribution,Assassin,Thrill,Seasoned Hunter,War Cry,0,13:14,1,5,1,6838,13,0,0,0,3,3
8/6/2024,GroupStage,mdl_gr1d2_m1,1,Cinny,Team Vitality,Faramis,Lose,Pendekar Esports,Nilai Tidak Ditemukan,Ling,Nilai Tidak Ditemukan,Purify,Mage,Rupture,Wilderness Blessing.,Lethal Ignition,0,13:14,1,3,4,6274,11,0,0,0,3,3
8/6/2024,GroupStage,mdl_gr1d2_m1,1,Vivian,Team Vitality,Minotaur,Lose,Pendekar Esports,Nilai Tidak Ditemukan,Hayabusa,Nilai Tidak Ditemukan,Flicker,Tank,Firmness,Wilderness Blessing.,Concussive Blast,0,13:14,1,4,4,5755,11,0,0,0,3,3
8/6/2024,GroupStage,mdl_gr1d2_m1,1,Chell,Team Vitality,Karrie,Lose,Pendekar Esports,Nilai Tidak Ditemukan,X.Borg,Nilai Tidak Ditemukan,Purify,Assassin,Swift,Master Assassin,Quantum Charge,0,13:14,1,2,3,8981,13,0,0,0,3,3
8/6/2024,GroupStage,mdl_gr1d2_m1,2,Fumi,Team Vitality,Hylos,Lose,Pendekar Esports,Nilai Tidak Ditemukan,Fanny,Nilai Tidak Ditemukan,Vengeance,Tank,Vitality,Tenacity,Concussive Blast,0,09:32,1,2,2,5030,10,0,0,0,4,4
8/6/2024,GroupStage,mdl_gr1d2_m1,2,Vival,Team Vitality,Julian,Lose,Pendekar Esports,Nilai Tidak Ditemukan,Roger,Nilai Tidak Ditemukan,Retribution,Assassin,Swift,Seasoned Hunter,Quantum Charge,0,09:32,1,5,2,5682,11,0,0,0,4,4
8/6/2024,GroupStage,mdl_gr1d2_m1,2,Cinny,Team Vitality,Zhuxin,Lose,Pendekar Esports,Nilai Tidak Ditemukan,Terizla,Nilai Tidak Ditemukan,Flicker,Mage,Rupture,Weapons Master,Impure Rage,0,09:32,2,5,1,4550,9,0,0,0,4,4
8/6/2024,GroupStage,mdl_gr1d2_m1,2,Vivian,Team Vitality,Khufra,Lose,Pendekar Esports,Nilai Tidak Ditemukan,Vexana,Nilai Tidak Ditemukan,Flicker,Tank,Firmness,Wilderness Blessing.,Quantum Charge,0,09:32,0,3,1,3621,9,0,0,0,4,4
8/6/2024,GroupStage,mdl_gr1d2_m1,2,Chell,Team Vitality,Ixia,Lose,Pendekar Esports,Nilai Tidak Ditemukan,Minotaur,Nilai Tidak Ditemukan,Flicker,Assassin,Thrill,Weapons Master,War Cry,0,09:32,0,3,3,5662,10,0,0,0,4,4
8/6/2024,GroupStage,mdl_gr1d2_m1,2,JayySkie,Pendekar Esports,Lapu-Lapu,Win,Team Vitality,Nilai Tidak Ditemukan,Harith,Nilai Tidak Ditemukan,Flicker,Fighter,Thrill,Festival of Blood,Brave Smite,0,09:32,4,2,4,6604,11,1,2,7,6,4
8/6/2024,GroupStage,mdl_gr1d2_m1,2,Vlosee,Pendekar Esports,Hayabusa,Win,Team Vitality,Nilai Tidak Ditemukan,Moskov,Nilai Tidak Ditemukan,Retribution,Assassin,Thrill,Seasoned Hunter,War Cry,1,09:32,7,0,5,8786,15,1,2,7,6,4
8/6/2024,GroupStage,mdl_gr1d2_m1,2,Speechless,Pendekar Esports,Aurora,Win,Team Vitality,Nilai Tidak Ditemukan,Zhask,Nilai Tidak Ditemukan,Flicker,Mage,Rupture,Wilderness Blessing.,Impure Rage,0,09:32,5,0,9,7198,11,1,2,7,6,4
8/6/2024,GroupStage,mdl_gr1d2_m1,2,Druu,Pendekar Esports,Ruby,Win,Team Vitality,Nilai Tidak Ditemukan,Ling,Nilai Tidak Ditemukan,Flicker,Tank,Agility,Wilderness Blessing.,Concussive Blast,0,09:32,0,2,10,5123,10,1,2,7,6,4
8/6/2024,GroupStage,mdl_gr1d2_m1,2,Bottle,Pendekar Esports,Claude,Win,Team Vitality,Nilai Tidak Ditemukan,Chip,Nilai Tidak Ditemukan,Purify,Common,Agility,Tenacity,Quantum Charge,0,09:32,2,0,8,8071,12,1,2,7,6,4
8/6/2024,GroupStage,mdl_gr1d2_m2,1,Marzyyy,Bigetron Beta,Chou,Lose,Rebellion Blitz,Nilai Tidak Ditemukan,Hayabusa,Nilai Tidak Ditemukan,Flicker,Tank,Agility,Tenacity,Concussive Blast,0,11:41,0,1,3,6069,11,0,1,1,6,5
8/6/2024,GroupStage,mdl_gr1d2_m2,1,Lynchhh,Bigetron Beta,Guinevere,Lose,Rebellion Blitz,Nilai Tidak Ditemukan,Ruby,Nilai Tidak Ditemukan,Retribution,Mage,Inspire,Seasoned Hunter,Quantum Charge,0,11:41,1,3,1,7010,13,0,1,1,6,5
8/6/2024,GroupStage,mdl_gr1d2_m2,1,Xryuzii,Bigetron Beta,Zhask,Lose,Rebellion Blitz,Nilai Tidak Ditemukan,Angela,Nilai Tidak Ditemukan,Flicker,Mage,Inspire,Bargain Hunter,Impure Rage,0,11:41,1,4,3,5745,11,0,1,1,6,5
8/6/2024,GroupStage,mdl_gr1d2_m2,1,Naksu,Bigetron Beta,Minotaur,Lose,Rebellion Blitz,Nilai Tidak Ditemukan,Arlott,Nilai Tidak Ditemukan,Flicker,Tank,Vitality,Wilderness Blessing.,Concussive Blast,0,11:41,0,6,3,4580,10,0,1,1,6,5
8/6/2024,GroupStage,mdl_gr1d2_m2,1,Pinnn,Bigetron Beta,Moskov,Lose,Rebellion Blitz,Nilai Tidak Ditemukan,Harith,Nilai Tidak Ditemukan,Flicker,Common,Swift,Bargain Hunter,Quantum Charge,0,11:41,3,3,0,8242,12,0,1,1,6,5
8/6/2024,GroupStage,mdl_gr1d2_m2,1,BQ,Rebellion Blitz,Edith,Win,Bigetron Beta,Nilai Tidak Ditemukan,Chip,Nilai Tidak Ditemukan,Flicker,Tank,Swift,Tenacity,Brave Smite,0,11:41,3,2,10,6888,12,1,2,8,6,5
8/6/2024,GroupStage,mdl_gr1d2_m2,1,Vazehard,Rebellion Blitz,Fanny,Win,Bigetron Beta,Nilai Tidak Ditemukan,Ling,Nilai Tidak Ditemukan,Retribution,Assassin,Thrill,Seasoned Hunter,Lethal Ignition,1,11:41,6,1,8,8775,15,1,2,8,6,5
8/6/2024,GroupStage,mdl_gr1d2_m2,1,Meepola,Rebellion Blitz,Faramis,Win,Bigetron Beta,Nilai Tidak Ditemukan,Zhuxin,Nilai Tidak Ditemukan,Purify,Mage,Rupture,Wilderness Blessing.,Lethal Ignition,0,11:41,2,1,12,8450,13,1,2,8,6,5
8/6/2024,GroupStage,mdl_gr1d2_m2,1,Beryl,Rebellion Blitz,Carmilla,Win,Bigetron Beta,Nilai Tidak Ditemukan,Alpha,Nilai Tidak Ditemukan,Flicker,Tank,Inspire,Tenacity,Concussive Blast,0,11:41,2,1,12,6320,11,1,2,8,6,5
8/6/2024,GroupStage,mdl_gr1d2_m2,1,Zenn,Rebellion Blitz,Roger,Win,Bigetron Beta,Nilai Tidak Ditemukan,Terizla,Nilai Tidak Ditemukan,Purify,Assassin,Thrill,Master Assassin,Quantum Charge,0,11:41,4,0,6,9291,13,1,2,8,6,5
8/6/2024,GroupStage,mdl_gr1d2_m2,2,Marzyyy,Bigetron Beta,Cici,Win,Rebellion Blitz,Nilai Tidak Ditemukan,Chip,Nilai Tidak Ditemukan,Purify,Fighter,Thrill,Festival of Blood,Brave Smite,0,10:00,0,2,1,4532,10,0,0,0,2,2
8/6/2024,GroupStage,mdl_gr1d2_m2,2,Lynchhh,Bigetron Beta,Alpha,Win,Rebellion Blitz,Nilai Tidak Ditemukan,Zhuxin,Nilai Tidak Ditemukan,Retribution,Fighter,Thrill,Seasoned Hunter,War Cry,0,10:00,1,4,0,4992,11,0,0,0,2,2
8/6/2024,GroupStage,mdl_gr1d2_m2,2,Xryuzii,Bigetron Beta,Angela,Win,Rebellion Blitz,Nilai Tidak Ditemukan,Ling,Nilai Tidak Ditemukan,Flicker,Mage,Inspire,Bargain Hunter,Impure Rage,0,10:00,0,1,0,3896,9,0,0,0,2,2
8/6/2024,GroupStage,mdl_gr1d2_m2,2,Naksu,Bigetron Beta,Mathilda,Win,Rebellion Blitz,Nilai Tidak Ditemukan,Natan,Nilai Tidak Ditemukan,Purify,Support,Vitality,Wilderness Blessing.,Quantum Charge,0,10:00,0,1,1,3485,9,0,0,0,2,2
8/6/2024,GroupStage,mdl_gr1d2_m2,2,Pinnn,Bigetron Beta,Roger,Win,Rebellion Blitz,Nilai Tidak Ditemukan,Valentina,Nilai Tidak Ditemukan,Purify,Assassin,Thrill,Bargain Hunter,Quantum Charge,0,10:00,1,0,0,5967,10,0,0,0,2,2
8/6/2024,GroupStage,mdl_gr1d2_m2,2,BQ,Rebellion Blitz,X.Borg,Lose,Bigetron Beta,Nilai Tidak Ditemukan,Hayabusa,Nilai Tidak Ditemukan,Flicker,Tank,Vitality,Festival of Blood,Brave Smite,0,10:00,4,1,4,7439,12,1,3,8,8,7
8/6/2024,GroupStage,mdl_gr1d2_m2,2,Vazehard,Rebellion Blitz,Julian,Lose,Bigetron Beta,Nilai Tidak Ditemukan,Zhask,Nilai Tidak Ditemukan,Retribution,Mage,Swift,Seasoned Hunter,Quantum Charge,1,10:00,2,0,5,8127,15,1,3,8,8,7
8/6/2024,GroupStage,mdl_gr1d2_m2,2,Meepola,Rebellion Blitz,Yve,Lose,Bigetron Beta,Nilai Tidak Ditemukan,Moskov,Nilai Tidak Ditemukan,Flicker,Mage,Rupture,Wilderness Blessing.,Impure Rage,0,10:00,2,0,5,6652,11,1,3,8,8,7
8/6/2024,GroupStage,mdl_gr1d2_m2,2,Beryl,Rebellion Blitz,Minotaur,Lose,Bigetron Beta,Nilai Tidak Ditemukan,Aurora,Nilai Tidak Ditemukan,Flicker,Tank,Firmness,Tenacity,Concussive Blast,0,10:00,0,0,7,5110,11,1,3,8,8,7
8/6/2024,GroupStage,mdl_gr1d2_m2,2,Zenn,Rebellion Blitz,Ruby,Lose,Bigetron Beta,Nilai Tidak Ditemukan,Vexana,Nilai Tidak Ditemukan,Flicker,Fighter,Firmness,Festival of Blood,Brave Smite,0,10:00,0,1,0,7028,11,1,3,8,8,7
8/6/2024,GroupStage,mdl_gr1d2_m3,1,Chewy,Yasbih Esports,Ruby,Lose,Kagendra,Nilai Tidak Ditemukan,Moskov,Nilai Tidak Ditemukan,Flicker,Fighter,Firmness,Festival of Blood,Brave Smite,0,16:12,2,7,2,7335,13,0,0,2,5,8
8/6/2024,GroupStage,mdl_gr1d2_m3,1,Reyynn,Yasbih Esports,Fanny,Lose,Kagendra,Nilai Tidak Ditemukan,Mathilda,Nilai Tidak Ditemukan,Retribution,Assassin,Swift,Seasoned Hunter,Lethal Ignition,0,16:12,2,4,2,9137,15,0,0,2,5,8
8/6/2024,GroupStage,mdl_gr1d2_m3,1,Joey,Yasbih Esports,Zhuxin,Lose,Kagendra,Nilai Tidak Ditemukan,Roger,Nilai Tidak Ditemukan,Purify,Mage,Firmness,Wilderness Blessing.,Impure Rage,0,16:12,4,0,5,9247,14,0,0,2,5,8
8/6/2024,GroupStage,mdl_gr1d2_m3,1,Kiyyy,Yasbih Esports,Edith,Lose,Kagendra,Nilai Tidak Ditemukan,Faramis,Nilai Tidak Ditemukan,Flicker,Tank,Firmness,Wilderness Blessing.,Quantum Charge,0,16:12,1,7,7,7347,13,0,0,2,5,8
8/6/2024,GroupStage,mdl_gr1d2_m3,1,Mikazuee,Yasbih Esports,Karrie,Lose,Kagendra,Nilai Tidak Ditemukan,Grock,Nilai Tidak Ditemukan,Purify,Common,Swift,Tenacity,Quantum Charge,0,16:12,2,2,5,11020,15,0,0,2,5,8
8/6/2024,GroupStage,mdl_gr1d2_m3,1,Shogun,Kagendra,Chou,Win,Yasbih Esports,Nilai Tidak Ditemukan,Chip,Nilai Tidak Ditemukan,Flicker,Tank,Agility,Wilderness Blessing.,Concussive Blast,1,16:12,1,1,10,8292,14,1,3,7,12,7
8/6/2024,GroupStage,mdl_gr1d2_m3,1,Ronn,Kagendra,Hayabusa,Win,Yasbih Esports,Nilai Tidak Ditemukan,Ling,Nilai Tidak Ditemukan,Retribution,Assassin,Thrill,Seasoned Hunter,War Cry,0,16:12,8,3,8,12906,15,1,3,7,12,7
8/6/2024,GroupStage,mdl_gr1d2_m3,1,Daniel,Kagendra,Valentina,Win,Yasbih Esports,Nilai Tidak Ditemukan,Zhask,Nilai Tidak Ditemukan,Flicker,Mage,Rupture,Wilderness Blessing.,Impure Rage,0,16:12,2,1,14,10450,15,1,3,7,12,7
8/6/2024,GroupStage,mdl_gr1d2_m3,1,HanafiTzy,Kagendra,Hylos,Win,Yasbih Esports,Nilai Tidak Ditemukan,Julian,Nilai Tidak Ditemukan,Revitalize,Tank,Firmness,Tenacity,Concussive Blast,0,16:12,3,5,13,8100,13,1,3,7,12,7
8/6/2024,GroupStage,mdl_gr1d2_m3,1,KennzyySkie,Kagendra,Harith,Win,Yasbih Esports,Nilai Tidak Ditemukan,Alpha,Nilai Tidak Ditemukan,Purify,Mage,Inspire,Tenacity,Impure Rage,0,16:12,6,1,7,11937,15,1,3,7,12,7
8/6/2024,GroupStage,mdl_gr1d2_m3,2,Chewy,Yasbih Esports,Barats,Win,Kagendra,Nilai Tidak Ditemukan,Ruby,Nilai Tidak Ditemukan,Flicker,Common,Agility,Tenacity,Brave Smite,0,14:58,0,3,11,7413,12,1,2,7,10,6
8/6/2024,GroupStage,mdl_gr1d2_m3,2,Reyynn,Yasbih Esports,Roger,Win,Kagendra,Nilai Tidak Ditemukan,Mathilda,Nilai Tidak Ditemukan,Retribution,Assassin,Swift,Seasoned Hunter,Quantum Charge,0,14:58,9,2,6,12632,15,1,2,7,10,6
8/6/2024,GroupStage,mdl_gr1d2_m3,2,Joey,Yasbih Esports,Aurora,Win,Kagendra,Nilai Tidak Ditemukan,Zhuxin,Nilai Tidak Ditemukan,Flicker,Mage,Agility,Wilderness Blessing.,Impure Rage,1,14:58,5,0,9,8418,13,1,2,7,10,6
8/6/2024,GroupStage,mdl_gr1d2_m3,2,Kiyyy,Yasbih Esports,Minotaur,Win,Kagendra,Nilai Tidak Ditemukan,Julian,Nilai Tidak Ditemukan,Flicker,Tank,Vitality,Tenacity,Concussive Blast,0,14:58,1,2,16,7425,13,1,2,7,10,6
8/6/2024,GroupStage,mdl_gr1d2_m3,2,Mikazuee,Yasbih Esports,Claude,Win,Kagendra,Nilai Tidak Ditemukan,Fanny,Nilai Tidak Ditemukan,Purify,Common,Swift,Tenacity,Quantum Charge,0,14:58,3,1,7,11293,15,1,2,7,10,6
8/6/2024,GroupStage,mdl_gr1d2_m3,2,Shogun,Kagendra,Terizla,Lose,Yasbih Esports,Nilai Tidak Ditemukan,Ling,Nilai Tidak Ditemukan,Flicker,Fighter,Rupture,Festival of Blood,Brave Smite,0,14:58,0,4,2,5921,12,0,1,1,5,7
8/6/2024,GroupStage,mdl_gr1d2_m3,2,Ronn,Kagendra,Alpha,Lose,Yasbih Esports,Nilai Tidak Ditemukan,Chip,Nilai Tidak Ditemukan,Retribution,Fighter,Thrill,Seasoned Hunter,Quantum Charge,0,14:58,3,5,5,8622,15,0,1,1,5,7
8/6/2024,GroupStage,mdl_gr1d2_m3,2,Daniel,Kagendra,Faramis,Lose,Yasbih Esports,Nilai Tidak Ditemukan,Zhask,Nilai Tidak Ditemukan,Flicker,Mage,Inspire,Wilderness Blessing.,Lethal Ignition,0,14:58,1,3,5,7341,13,0,1,1,5,7
8/6/2024,GroupStage,mdl_gr1d2_m3,2,HanafiTzy,Kagendra,Edith,Lose,Yasbih Esports,Nilai Tidak Ditemukan,Arlott,Nilai Tidak Ditemukan,Flicker,Tank,Firmness,Tenacity,Quantum Charge,0,14:58,1,5,4,5803,11,0,1,1,5,7
8/6/2024,GroupStage,mdl_gr1d2_m3,2,KennzyySkie,Kagendra,Moskov,Lose,Yasbih Esports,Nilai Tidak Ditemukan,Harith,Nilai Tidak Ditemukan,Flicker,Common,Firmness,Tenacity,Quantum Charge,0,14:58,3,1,1,10129,15,0,1,1,5,7
8/6/2024,GroupStage,mdl_gr1d2_m3,3,Shogun,Kagendra,Arlott,Lose,Yasbih Esports,Nilai Tidak Ditemukan,Terizla,Nilai Tidak Ditemukan,Flicker,Common,Thrill,Tenacity,Brave Smite,1,19:11,3,5,10,9060,15,3,1,9,12,7
8/6/2024,GroupStage,mdl_gr1d2_m3,3,Ronn,Kagendra,Fanny,Lose,Yasbih Esports,Nilai Tidak Ditemukan,Hayabusa,Nilai Tidak Ditemukan,Retribution,Assassin,Swift,Seasoned Hunter,Lethal Ignition,0,19:11,4,3,7,12651,15,3,1,9,12,7
8/6/2024,GroupStage,mdl_gr1d2_m3,3,Daniel,Kagendra,Zhask,Lose,Yasbih Esports,Nilai Tidak Ditemukan,Harith,Nilai Tidak Ditemukan,Flicker,Mage,Rupture,Bargain Hunter,Impure Rage,0,19:11,2,3,9,10756,15,3,1,9,12,7
8/6/2024,GroupStage,mdl_gr1d2_m3,3,HanafiTzy,Kagendra,Khufra,Lose,Yasbih Esports,Nilai Tidak Ditemukan,Faramis,Nilai Tidak Ditemukan,Flicker,Tank,Firmness,Wilderness Blessing.,Quantum Charge,0,19:11,0,1,9,8772,15,3,1,9,12,7
8/6/2024,GroupStage,mdl_gr1d2_m3,3,KennzyySkie,Kagendra,Karrie,Lose,Yasbih Esports,Nilai Tidak Ditemukan,Hylos,Nilai Tidak Ditemukan,Purify,Common,Firmness,Tenacity,Quantum Charge,0,19:11,5,0,4,13009,15,3,1,9,12,7
8/6/2024,GroupStage,mdl_gr1d2_m3,3,Chewy,Yasbih Esports,Grock,Win,Kagendra,Nilai Tidak Ditemukan,Chip,Nilai Tidak Ditemukan,Flicker,Common,Agility,Tenacity,Concussive Blast,0,19:11,1,3,6,9288,15,0,2,3,6,10
8/6/2024,GroupStage,mdl_gr1d2_m3,3,Reyynn,Yasbih Esports,Alpha,Win,Kagendra,Nilai Tidak Ditemukan,Ling,Nilai Tidak Ditemukan,Retribution,Fighter,Thrill,Seasoned Hunter,Quantum Charge,0,19:11,4,5,4,10771,15,0,2,3,6,10
8/6/2024,GroupStage,mdl_gr1d2_m3,3,Joey,Yasbih Esports,Vexana,Win,Kagendra,Nilai Tidak Ditemukan,Roger,Nilai Tidak Ditemukan,Flicker,Mage,Agility,Wilderness Blessing.,Impure Rage,0,19:11,3,2,7,10327,15,0,2,3,6,10
8/6/2024,GroupStage,mdl_gr1d2_m3,3,Kiyyy,Yasbih Esports,Mathilda,Win,Kagendra,Nilai Tidak Ditemukan,Minotaur,Nilai Tidak Ditemukan,Purify,Support,Inspire,Wilderness Blessing.,Quantum Charge,0,19:11,0,2,10,8421,15,0,2,3,6,10
8/6/2024,GroupStage,mdl_gr1d2_m3,3,Mikazuee,Yasbih Esports,Moskov,Win,Kagendra,Nilai Tidak Ditemukan,Ruby,Nilai Tidak Ditemukan,Purify,Common,Swift,Master Assassin,Quantum Charge,0,19:11,4,2,4,14713,15,0,2,3,6,10
8/7/2024,GroupStage,mdl_gr1d3_m1,1,Donn,RRQ Sena,Thamuz,Lose,Team Liquid Academy ID,Nilai Tidak Ditemukan,Fanny,Nilai Tidak Ditemukan,Vengeance,Fighter,Thrill,Festival of Blood,Brave Smite,0,33:15,0,7,7,17487,15,3,0,9,19,19
8/7/2024,GroupStage,mdl_gr1d3_m1,1,Chenn,RRQ Sena,Ling,Lose,Team Liquid Academy ID,Nilai Tidak Ditemukan,Edith,Nilai Tidak Ditemukan,Retribution,Assassin,Fatal,Seasoned Hunter,War Cry,0,33:15,7,3,3,25498,15,3,0,9,19,19
8/7/2024,GroupStage,mdl_gr1d3_m1,1,Kaeya,RRQ Sena,Luo Yi,Lose,Team Liquid Academy ID,Nilai Tidak Ditemukan,Ruby,Nilai Tidak Ditemukan,Flicker,Mage,Inspire,Wilderness Blessing.,Lethal Ignition,0,33:15,3,4,7,14918,15,3,0,9,19,19
8/7/2024,GroupStage,mdl_gr1d3_m1,1,Danielsa,RRQ Sena,Chou,Lose,Team Liquid Academy ID,Nilai Tidak Ditemukan,Grock,Nilai Tidak Ditemukan,Flicker,Tank,Firmness,Wilderness Blessing.,Concussive Blast,0,33:15,0,3,8,14979,15,3,0,9,19,19
8/7/2024,GroupStage,mdl_gr1d3_m1,1,Toyy,RRQ Sena,Moskov,Lose,Team Liquid Academy ID,Nilai Tidak Ditemukan,Mathilda,Nilai Tidak Ditemukan,Purify,Common,Swift,Tenacity,Quantum Charge,0,33:15,2,5,4,22162,15,3,0,9,19,19
8/7/2024,GroupStage,mdl_gr1d3_m1,1,Gentz,Team Liquid Academy ID,Terizla,Win,RRQ Sena,Nilai Tidak Ditemukan,Zhask,Nilai Tidak Ditemukan,Flicker,Tank,Rupture,Festival of Blood,Brave Smite,0,33:15,1,2,14,14990,15,3,3,7,14,10
8/7/2024,GroupStage,mdl_gr1d3_m1,1,Faviannn,Team Liquid Academy ID,Bane,Win,RRQ Sena,Nilai Tidak Ditemukan,Chip,Nilai Tidak Ditemukan,Retribution,Assassin,Thrill,Seasoned Hunter,Quantum Charge,1,33:15,7,3,8,30329,15,3,3,7,14,10
8/7/2024,GroupStage,mdl_gr1d3_m1,1,Yehez,Team Liquid Academy ID,Faramis,Win,RRQ Sena,Nilai Tidak Ditemukan,Zhuxin,Nilai Tidak Ditemukan,Purify,Mage,Inspire,Wilderness Blessing.,Lethal Ignition,0,33:15,4,2,11,18812,15,3,3,7,14,10
8/7/2024,GroupStage,mdl_gr1d3_m1,1,Widy,Team Liquid Academy ID,Minotaur,Win,RRQ Sena,Nilai Tidak Ditemukan,Arlott,Nilai Tidak Ditemukan,Flicker,Tank,Firmness,Tenacity,Concussive Blast,0,33:15,2,3,17,15334,15,3,3,7,14,10
8/7/2024,GroupStage,mdl_gr1d3_m1,1,Kyou,Team Liquid Academy ID,Harith,Win,RRQ Sena,Nilai Tidak Ditemukan,Lapu-Lapu,Nilai Tidak Ditemukan,Purify,Mage,Inspire,Tenacity,Impure Rage,0,33:15,8,2,6,23867,15,3,3,7,14,10
8/7/2024,GroupStage,mdl_gr1d3_m1,2,Gentz,Team Liquid Academy ID,Arlott,Win,RRQ Sena,Nilai Tidak Ditemukan,Faramis,Nilai Tidak Ditemukan,Flicker,Common,Thrill,Tenacity,Brave Smite,0,19:39,2,5,9,9750,15,0,1,6,8,9
8/7/2024,GroupStage,mdl_gr1d3_m1,2,Faviannn,Team Liquid Academy ID,Joy,Win,RRQ Sena,Nilai Tidak Ditemukan,Ruby,Nilai Tidak Ditemukan,Retribution,Mage,Inspire,Seasoned Hunter,Impure Rage,0,19:39,2,4,8,15519,15,0,1,6,8,9
8/7/2024,GroupStage,mdl_gr1d3_m1,2,Yehez,Team Liquid Academy ID,Zhask,Win,RRQ Sena,Nilai Tidak Ditemukan,Roger,Nilai Tidak Ditemukan,Flicker,Mage,Rupture,Wilderness Blessing.,Impure Rage,0,19:39,3,1,6,10935,15,0,1,6,8,9
8/7/2024,GroupStage,mdl_gr1d3_m1,2,Widy,Team Liquid Academy ID,Mathilda,Win,RRQ Sena,Nilai Tidak Ditemukan,Minotaur,Nilai Tidak Ditemukan,Flicker,Support,Inspire,Wilderness Blessing.,Quantum Charge,0,19:39,1,3,12,9742,15,0,1,6,8,9
8/7/2024,GroupStage,mdl_gr1d3_m1,2,Kyou,Team Liquid Academy ID,Moskov,Win,RRQ Sena,Nilai Tidak Ditemukan,Harith,Nilai Tidak Ditemukan,Purify,Common,Swift,Tenacity,Quantum Charge,1,19:39,7,2,3,14399,15,0,1,6,8,9
8/7/2024,GroupStage,mdl_gr1d3_m1,2,Donn,RRQ Sena,Belerick,Lose,Team Liquid Academy ID,Nilai Tidak Ditemukan,Ling,Nilai Tidak Ditemukan,Flicker,Tank,Vitality,Tenacity,Brave Smite,0,19:39,1,2,11,10631,15,3,2,8,13,10
8/7/2024,GroupStage,mdl_gr1d3_m1,2,Chenn,RRQ Sena,Hayabusa,Lose,Team Liquid Academy ID,Nilai Tidak Ditemukan,Chip,Nilai Tidak Ditemukan,Retribution,Assassin,Rupture,Seasoned Hunter,War Cry,0,19:39,5,3,4,14287,15,3,2,8,13,10
8/7/2024,GroupStage,mdl_gr1d3_m1,2,Kaeya,RRQ Sena,Zhuxin,Lose,Team Liquid Academy ID,Nilai Tidak Ditemukan,Fanny,Nilai Tidak Ditemukan,Flicker,Mage,Agility,Tenacity,Impure Rage,0,19:39,5,2,7,10567,15,3,2,8,13,10
8/7/2024,GroupStage,mdl_gr1d3_m1,2,Danielsa,RRQ Sena,Edith,Lose,Team Liquid Academy ID,Nilai Tidak Ditemukan,Nolan,Nilai Tidak Ditemukan,Flicker,Tank,Firmness,Wilderness Blessing.,Concussive Blast,0,19:39,1,4,10,9510,15,3,2,8,13,10
8/7/2024,GroupStage,mdl_gr1d3_m1,2,Toyy,RRQ Sena,Bane,Lose,Team Liquid Academy ID,Nilai Tidak Ditemukan,Julian,Nilai Tidak Ditemukan,Flicker,Assassin,Thrill,Bargain Hunter,Impure Rage,0,19:39,3,4,6,13887,15,3,2,8,13,10
8/7/2024,GroupStage,mdl_gr1d3_m2,1,creampuff,Xalvador Ozon,Edith,Win,Falcons Vega,Nilai Tidak Ditemukan,Zhuxin,Nilai Tidak Ditemukan,Flicker,Tank,Swift,Tenacity,Quantum Charge,0,12:37,2,2,7,7351,13,1,2,7,7,7
8/7/2024,GroupStage,mdl_gr1d3_m2,1,Invizoo,Xalvador Ozon,Roger,Win,Falcons Vega,Nilai Tidak Ditemukan,Ruby,Nilai Tidak Ditemukan,Retribution,Assassin,Swift,Seasoned Hunter,War Cry,0,12:37,5,2,4,9827,15,1,2,7,7,7
8/7/2024,GroupStage,mdl_gr1d3_m2,1,AD1K,Xalvador Ozon,Angela,Win,Falcons Vega,Nilai Tidak Ditemukan,Terizla,Nilai Tidak Ditemukan,Flicker,Mage,Inspire,Wilderness Blessing.,Impure Rage,0,12:37,2,0,9,7215,12,1,2,7,7,7
8/7/2024,GroupStage,mdl_gr1d3_m2,1,V1NSMOKE,Xalvador Ozon,Khufra,Win,Falcons Vega,Nilai Tidak Ditemukan,Mathilda,Nilai Tidak Ditemukan,Flicker,Tank,Agility,Wilderness Blessing.,Concussive Blast,0,12:37,0,2,8,5736,12,1,2,7,7,7
8/7/2024,GroupStage,mdl_gr1d3_m2,1,KurooKy,Xalvador Ozon,Claude,Win,Falcons Vega,Nilai Tidak Ditemukan,Grock,Nilai Tidak Ditemukan,Purify,Common,Swift,Tenacity,Quantum Charge,1,12:37,3,0,5,10559,15,1,2,7,7,7
8/7/2024,GroupStage,mdl_gr1d3_m2,1,Violet,Falcons Vega,Arlott,Lose,Xalvador Ozon,Nilai Tidak Ditemukan,Chip,Nilai Tidak Ditemukan,Flicker,Common,Thrill,Tenacity,Brave Smite,0,12:37,1,4,3,5662,11,0,1,1,6,4
8/7/2024,GroupStage,mdl_gr1d3_m2,1,Caramel,Falcons Vega,Julian,Lose,Xalvador Ozon,Nilai Tidak Ditemukan,Zhask,Nilai Tidak Ditemukan,Retribution,Mage,Swift,Seasoned Hunter,Impure Rage,0,12:37,4,2,2,8163,14,0,1,1,6,4
8/7/2024,GroupStage,mdl_gr1d3_m2,1,Agatha,Falcons Vega,Valentina,Lose,Xalvador Ozon,Nilai Tidak Ditemukan,Hylos,Nilai Tidak Ditemukan,Flicker,Mage,Rupture,Wilderness Blessing.,Impure Rage,0,12:37,1,1,4,5940,12,0,1,1,6,4
8/7/2024,GroupStage,mdl_gr1d3_m2,1,Thall,Falcons Vega,Minotaur,Lose,Xalvador Ozon,Nilai Tidak Ditemukan,Ling,Nilai Tidak Ditemukan,Flicker,Tank,Agility,Tenacity,Concussive Blast,0,12:37,0,4,4,5383,11,0,1,1,6,4
8/7/2024,GroupStage,mdl_gr1d3_m2,1,Chincaaw,Falcons Vega,Moskov,Lose,Xalvador Ozon,Nilai Tidak Ditemukan,Yu Zhong,Nilai Tidak Ditemukan,Purify,Common,Swift,Tenacity,Quantum Charge,0,12:37,0,1,2,8356,12,0,1,1,6,4
8/7/2024,GroupStage,mdl_gr1d3_m2,2,Violet,Falcons Vega,Hylos,Lose,Xalvador Ozon,Nilai Tidak Ditemukan,Julian,Nilai Tidak Ditemukan,Revitalize,Tank,Vitality,Tenacity,Concussive Blast,0,12:37,0,3,2,7177,12,0,0,2,3,7
8/7/2024,GroupStage,mdl_gr1d3_m2,2,Caramel,Falcons Vega,Bane,Lose,Xalvador Ozon,Nilai Tidak Ditemukan,Ruby,Nilai Tidak Ditemukan,Retribution,Assassin,Thrill,Seasoned Hunter,Quantum Charge,0,12:37,1,2,3,10861,15,0,0,2,3,7
8/7/2024,GroupStage,mdl_gr1d3_m2,2,Agatha,Falcons Vega,Vexana,Lose,Xalvador Ozon,Nilai Tidak Ditemukan,Zhuxin,Nilai Tidak Ditemukan,Flicker,Mage,Rupture,Wilderness Blessing.,Impure Rage,0,12:37,2,1,3,8641,14,0,0,2,3,7
8/7/2024,GroupStage,mdl_gr1d3_m2,2,Thall,Falcons Vega,Diggie,Lose,Xalvador Ozon,Nilai Tidak Ditemukan,Luo Yi,Nilai Tidak Ditemukan,Revitalize,Support,Inspire,Pull Yourself Together,Impure Rage,0,12:37,0,4,3,7128,13,0,0,2,3,7
8/7/2024,GroupStage,mdl_gr1d3_m2,2,Chincaaw,Falcons Vega,Ixia,Lose,Xalvador Ozon,Nilai Tidak Ditemukan,Harith,Nilai Tidak Ditemukan,Flicker,Assassin,Thrill,Weapons Master,Quantum Charge,0,12:37,2,4,2,9921,15,0,0,2,3,7
8/7/2024,GroupStage,mdl_gr1d3_m2,2,creampuff,Xalvador Ozon,Terizla,Win,Falcons Vega,Nilai Tidak Ditemukan,Edith,Nilai Tidak Ditemukan,Flicker,Fighter,Thrill,Festival of Blood,Brave Smite,0,12:37,4,0,7,11945,15,2,3,9,13,8
8/7/2024,GroupStage,mdl_gr1d3_m2,2,Invizoo,Xalvador Ozon,Hayabusa,Win,Falcons Vega,Nilai Tidak Ditemukan,Chip,Nilai Tidak Ditemukan,Retribution,Assassin,Rupture,Seasoned Hunter,War Cry,1,12:37,5,2,6,13284,15,2,3,9,13,8
8/7/2024,GroupStage,mdl_gr1d3_m2,2,AD1K,Xalvador Ozon,Aurora,Win,Falcons Vega,Nilai Tidak Ditemukan,Zhask,Nilai Tidak Ditemukan,Flicker,Mage,Thrill,Wilderness Blessing.,Lethal Ignition,0,12:37,0,1,10,8377,14,2,3,9,13,8
8/7/2024,GroupStage,mdl_gr1d3_m2,2,V1NSMOKE,Xalvador Ozon,Mathilda,Win,Falcons Vega,Nilai Tidak Ditemukan,Yu Zhong,Nilai Tidak Ditemukan,Flicker,Common,Agility,Wilderness Blessing.,Quantum Charge,0,12:37,1,1,12,8563,15,2,3,9,13,8
8/7/2024,GroupStage,mdl_gr1d3_m2,2,KurooKy,Xalvador Ozon,Lapu-Lapu,Win,Falcons Vega,Nilai Tidak Ditemukan,X.Borg,Nilai Tidak Ditemukan,Flicker,Fighter,Thrill,Festival of Blood,War Cry,0,12:37,4,1,4,12125,15,2,3,9,13,8
8/7/2024,GroupStage,mdl_gr1d3_m3,1,Saykots,EVOS Icon,Thamuz,Win,Geek Fam ID Jr,Nilai Tidak Ditemukan,Ruby,Nilai Tidak Ditemukan,Vengeance,Fighter,Firmness,Tenacity,Quantum Charge,0,15:23,3,0,7,9594,15,2,2,9,9,9
8/7/2024,GroupStage,mdl_gr1d3_m3,1,Nazara,EVOS Icon,Hayabusa,Win,Geek Fam ID Jr,Nilai Tidak Ditemukan,Arlott,Nilai Tidak Ditemukan,Retribution,Assassin,Swift,Seasoned Hunter,War Cry,1,15:23,7,2,3,12920,15,2,2,9,9,9
8/7/2024,GroupStage,mdl_gr1d3_m3,1,Depezett,EVOS Icon,Zhask,Win,Geek Fam ID Jr,Nilai Tidak Ditemukan,Zhuxin,Nilai Tidak Ditemukan,Flicker,Mage,Rupture,Bargain Hunter,Impure Rage,0,15:23,4,0,10,9479,15,2,2,9,9,9
8/7/2024,GroupStage,mdl_gr1d3_m3,1,Alevaa,EVOS Icon,Tigreal,Win,Geek Fam ID Jr,Nilai Tidak Ditemukan,Valentina,Nilai Tidak Ditemukan,Flicker,Tank,Firmness,Wilderness Blessing.,Concussive Blast,0,15:23,1,3,10,8080,14,2,2,9,9,9
8/7/2024,GroupStage,mdl_gr1d3_m3,1,Inaya,EVOS Icon,Roger,Win,Geek Fam ID Jr,Nilai Tidak Ditemukan,Faramis,Nilai Tidak Ditemukan,Purify,Assassin,Thrill,Master Assassin,Quantum Charge,0,15:23,1,0,7,11502,15,2,2,9,9,9
8/7/2024,GroupStage,mdl_gr1d3_m3,1,Guinskie,Geek Fam ID Jr,Terizla,Lose,EVOS Icon,Nilai Tidak Ditemukan,Fanny,Nilai Tidak Ditemukan,Flicker,Tank,Rupture,Festival of Blood,Brave Smite,0,15:23,0,7,3,6332,12,0,1,3,7,6
8/7/2024,GroupStage,mdl_gr1d3_m3,1,Ozi N1,Geek Fam ID Jr,Joy,Lose,EVOS Icon,Nilai Tidak Ditemukan,Ling,Nilai Tidak Ditemukan,Retribution,Mage,Thrill,Seasoned Hunter,Impure Rage,0,15:23,2,4,1,9334,15,0,1,3,7,6
8/7/2024,GroupStage,mdl_gr1d3_m3,1,xMagic,Geek Fam ID Jr,Aurora,Lose,EVOS Icon,Nilai Tidak Ditemukan,Chip,Nilai Tidak Ditemukan,Purify,Mage,Rupture,Wilderness Blessing.,Impure Rage,0,15:23,1,0,3,9321,15,0,1,3,7,6
8/7/2024,GroupStage,mdl_gr1d3_m3,1,Mupinqt,Geek Fam ID Jr,Edith,Lose,EVOS Icon,Nilai Tidak Ditemukan,Minotaur,Nilai Tidak Ditemukan,Flicker,Tank,Firmness,Wilderness Blessing.,Quantum Charge,0,15:23,2,4,2,6317,12,0,1,3,7,6
8/7/2024,GroupStage,mdl_gr1d3_m3,1,Zeltron,Geek Fam ID Jr,Moskov,Lose,EVOS Icon,Nilai Tidak Ditemukan,Khufra,Nilai Tidak Ditemukan,Purify,Common,Vitality,Tenacity,Quantum Charge,0,15:23,0,1,1,10824,15,0,1,3,7,6
8/7/2024,GroupStage,mdl_gr1d3_m3,2,Guinskie,Geek Fam ID Jr,Thamuz,Lose,EVOS Icon,Nilai Tidak Ditemukan,Fanny,Nilai Tidak Ditemukan,Vengeance,Fighter,Swift,Festival of Blood,Brave Smite,0,14:34,1,3,3,6696,13,0,1,2,7,5
8/7/2024,GroupStage,mdl_gr1d3_m3,2,Ozi N1,Geek Fam ID Jr,Julian,Lose,EVOS Icon,Nilai Tidak Ditemukan,Terizla,Nilai Tidak Ditemukan,Retribution,Mage,Swift,Seasoned Hunter,Quantum Charge,0,14:34,1,0,2,8759,15,0,1,2,7,5
8/7/2024,GroupStage,mdl_gr1d3_m3,2,xMagic,Geek Fam ID Jr,Novaria,Lose,EVOS Icon,Nilai Tidak Ditemukan,Zhuxin,Nilai Tidak Ditemukan,Flicker,Assassin,Rupture,Wilderness Blessing.,Impure Rage,0,14:34,0,0,3,8392,14,0,1,2,7,5
8/7/2024,GroupStage,mdl_gr1d3_m3,2,Mupinqt,Geek Fam ID Jr,Minotaur,Lose,EVOS Icon,Nilai Tidak Ditemukan,Alpha,Nilai Tidak Ditemukan,Flicker,Tank,Firmness,Tenacity,Concussive Blast,0,14:34,0,4,4,6038,12,0,1,2,7,5
8/7/2024,GroupStage,mdl_gr1d3_m3,2,Zeltron,Geek Fam ID Jr,Roger,Lose,EVOS Icon,Nilai Tidak Ditemukan,Chou,Nilai Tidak Ditemukan,Purify,Common,Vitality,Tenacity,Quantum Charge,0,14:34,3,2,1,8689,14,0,1,2,7,5
8/7/2024,GroupStage,mdl_gr1d3_m3,2,Saykots,EVOS Icon,Arlott,Win,Geek Fam ID Jr,Nilai Tidak Ditemukan,Ling,Nilai Tidak Ditemukan,Flameshot,Common,Thrill,Tenacity,Brave Smite,1,14:34,3,1,6,8955,14,2,2,8,9,11
8/7/2024,GroupStage,mdl_gr1d3_m3,2,Nazara,EVOS Icon,Nolan,Win,Geek Fam ID Jr,Nilai Tidak Ditemukan,Chip,Nilai Tidak Ditemukan,Retribution,Assassin,Rupture,Seasoned Hunter,Lethal Ignition,0,14:34,2,1,3,11647,15,2,2,8,9,11
8/7/2024,GroupStage,mdl_gr1d3_m3,2,Depezett,EVOS Icon,Valentina,Win,Geek Fam ID Jr,Nilai Tidak Ditemukan,Zhask,Nilai Tidak Ditemukan,Flicker,Mage,Inspire,Wilderness Blessing.,Impure Rage,0,14:34,1,1,7,8225,14,2,2,8,9,11
8/7/2024,GroupStage,mdl_gr1d3_m3,2,Alevaa,EVOS Icon,Guinevere,Win,Geek Fam ID Jr,Nilai Tidak Ditemukan,Hylos,Nilai Tidak Ditemukan,Flicker,Tank,Firmness,Wilderness Blessing.,Quantum Charge,0,14:34,0,2,9,7308,13,2,2,8,9,11
8/7/2024,GroupStage,mdl_gr1d3_m3,2,Inaya,EVOS Icon,Claude,Win,Geek Fam ID Jr,Nilai Tidak Ditemukan,Faramis,Nilai Tidak Ditemukan,Purify,Common,Firmness,Tenacity,Quantum Charge,0,14:34,3,0,5,11696,15,2,2,8,9,11